,resfindernewid_1,resfindernewid_10,resfindernewid_100,resfindernewid_101,resfindernewid_102,resfindernewid_103,resfindernewid_104,resfindernewid_11,resfindernewid_12,resfindernewid_13,resfindernewid_14,resfindernewid_15,resfindernewid_16,resfindernewid_17,resfindernewid_18,resfindernewid_19,resfindernewid_2,resfindernewid_20,resfindernewid_21,resfindernewid_22,resfindernewid_23,resfindernewid_24,resfindernewid_25,resfindernewid_26,resfindernewid_27,resfindernewid_28,resfindernewid_29,resfindernewid_3,resfindernewid_30,resfindernewid_31,resfindernewid_32,resfindernewid_33,resfindernewid_34,resfindernewid_35,resfindernewid_36,resfindernewid_37,resfindernewid_38,resfindernewid_39,resfindernewid_4,resfindernewid_40,resfindernewid_41,resfindernewid_42,resfindernewid_43,resfindernewid_44,resfindernewid_45,resfindernewid_46,resfindernewid_47,resfindernewid_48,resfindernewid_49,resfindernewid_5,resfindernewid_50,resfindernewid_51,resfindernewid_52,resfindernewid_53,resfindernewid_54,resfindernewid_55,resfindernewid_56,resfindernewid_57,resfindernewid_58,resfindernewid_59,resfindernewid_6,resfindernewid_60,resfindernewid_61,resfindernewid_62,resfindernewid_63,resfindernewid_64,resfindernewid_65,resfindernewid_66,resfindernewid_67,resfindernewid_68,resfindernewid_69,resfindernewid_7,resfindernewid_70,resfindernewid_71,resfindernewid_72,resfindernewid_73,resfindernewid_74,resfindernewid_75,resfindernewid_76,resfindernewid_77,resfindernewid_78,resfindernewid_79,resfindernewid_8,resfindernewid_80,resfindernewid_81,resfindernewid_82,resfindernewid_83,resfindernewid_84,resfindernewid_85,resfindernewid_86,resfindernewid_87,resfindernewid_88,resfindernewid_89,resfindernewid_9,resfindernewid_90,resfindernewid_91,resfindernewid_92,resfindernewid_93,resfindernewid_94,resfindernewid_95,resfindernewid_96,resfindernewid_97,resfindernewid_98,resfindernewid_99
resfindernewid_1,1.0,0.0,0.0,0.0,0.0,0.0,0.0,0.0,0.0,0.0,0.0,0.0,0.0,0.0,0.0,0.0,0.0,0.0,0.0,0.0,0.0,0.0,0.0,0.0,0.0,0.0,0.0,0.0,0.0,0.9404553415061296,0.0,0.0,0.0,0.0,0.0,0.0,0.0,0.0,0.0,0.0,0.0,0.0,0.0,0.0,0.0,0.0,0.0,0.0,0.0,0.0,0.0,0.0,0.0,0.0,0.0,0.0,0.0,0.0,0.0,0.0,0.0,0.0,0.0,0.0,0.0,0.0,0.0,0.0,0.0,0.0,0.0,0.0,0.0,0.0,0.0,0.0,0.0,0.0,0.0,0.0,0.0,0.0,0.0,0.0,0.0,0.0,0.0,0.0,0.0,0.0,0.0,0.0,0.0,0.0,0.0,0.0,0.0,0.0,0.0,0.0,0.0,0.0,0.0,0.0
resfindernewid_10,0.0,1.0,0.0011111111111111111,0.0011111111111111111,0.0,0.0011111111111111111,0.0011111111111111111,0.0,0.0,0.0,0.0,0.0,0.0,0.0,0.0,0.0,0.002224694104560623,0.005580357142857143,0.0,0.0,0.0,0.0,0.0,0.012359550561797753,0.0,0.0,0.015783540022547914,0.0,0.002224694104560623,0.0,0.0,0.0011111111111111111,0.0,0.0,0.0,0.0,0.0,0.0,0.01122334455667789,0.0067039106145251395,0.005580357142857143,0.0011111111111111111,0.0067039106145251395,0.002224694104560623,0.0067039106145251395,0.006607929515418502,0.0067039106145251395,0.0067039106145251395,0.0067039106145251395,0.0,0.0067039106145251395,0.0067039106145251395,0.0067039106145251395,0.0067039106145251395,0.0067039106145251395,0.0067039106145251395,0.004459308807134894,0.0,0.0,0.0,0.0,0.0,0.0,0.0,0.0,0.0,0.0,0.0,0.015783540022547914,0.015783540022547914,0.015783540022547914,0.0011111111111111111,0.005580357142857143,0.005580357142857143,0.005580357142857143,0.002224694104560623,0.002224694104560623,0.002224694104560623,0.0,0.0,0.0,0.0,0.0,0.0,0.012359550561797753,0.012359550561797753,0.012359550561797753,0.0,0.0011111111111111111,0.0011111111111111111,0.0011111111111111111,0.0011111111111111111,0.001004016064257028,0.015625,0.0,0.0,0.0,0.0,0.0,0.0011111111111111111,0.0011111111111111111,0.0011111111111111111,0.0011111111111111111,0.0
resfindernewid_100,0.0,0.0011111111111111111,1.0,0.8617886178861789,0.8617886178861789,0.8617886178861789,0.8617886178861789,0.0,0.0,0.0,0.0,0.0,0.0,0.0,0.0,0.0,0.0,0.0,0.0,0.0,0.0,0.0,0.0,0.0,0.0,0.0,0.0,0.0,0.0,0.0,0.0,0.12530712530712532,0.0,0.0,0.0,0.0,0.0,0.0,0.0,0.0,0.0,0.0,0.0,0.0,0.0,0.0,0.0,0.0,0.0,0.0,0.0,0.0,0.0,0.0,0.0,0.0,0.0,0.0,0.0,0.0,0.0,0.0,0.0,0.0,0.0,0.0,0.0,0.0,0.0,0.0,0.0,0.9284210526315789,0.0,0.0,0.0,0.001092896174863388,0.001092896174863388,0.001092896174863388,0.0,0.0,0.0,0.0,0.0,0.007717750826901874,0.0,0.0,0.0,0.0,0.08788598574821853,0.07259953161592506,0.08274231678486997,0.07891637220259129,0.07889125799573561,0.0,0.0,0.0,0.0,0.0,0.0,0.8617886178861789,0.8617886178861789,0.7996070726915521,0.8693877551020408,0.8067061143984221
resfindernewid_101,0.0,0.0011111111111111111,0.8617886178861789,1.0,0.8617886178861789,0.8617886178861789,0.8617886178861789,0.0,0.0,0.0,0.0,0.0,0.0,0.0,0.0,0.0,0.0,0.0,0.0,0.0,0.0,0.0,0.0,0.0,0.0,0.0,0.0,0.0,0.0,0.0,0.0,0.12530712530712532,0.0,0.0,0.0,0.0,0.0,0.0,0.0,0.0,0.0,0.0,0.0,0.0,0.0,0.0,0.0,0.0,0.0,0.0,0.0,0.0,0.0,0.0,0.0,0.0,0.0,0.0,0.0,0.0,0.0,0.0,0.0,0.0,0.0,0.0,0.0,0.0,0.0,0.0,0.0,0.9284210526315789,0.0,0.0,0.0,0.001092896174863388,0.001092896174863388,0.001092896174863388,0.0,0.0,0.0,0.0,0.0,0.007717750826901874,0.0,0.0,0.0,0.0,0.10761789600967352,0.09177592371871275,0.089179548156956,0.09832134292565947,0.09642470205850487,0.0,0.0,0.0,0.0,0.0,0.0,0.8617886178861789,0.8617886178861789,0.7996070726915521,0.8693877551020408,0.8067061143984221
resfindernewid_102,0.0,0.0,0.8617886178861789,0.8617886178861789,1.0,0.9004149377593361,0.8617886178861789,0.0,0.0,0.0,0.0,0.0,0.0,0.0,0.0,0.0,0.0,0.0,0.0,0.0,0.0,0.0,0.0,0.0,0.0,0.0,0.0,0.0,0.0,0.0,0.0,0.1022864019253911,0.0,0.0,0.0,0.0,0.0,0.0,0.0,0.0,0.0,0.0,0.0,0.0,0.0,0.0,0.0,0.0,0.0,0.0,0.0,0.0,0.0,0.0,0.0,0.0,0.0,0.0,0.0,0.0,0.0,0.0,0.0,0.0,0.0,0.0,0.0,0.0,0.0,0.0,0.0,0.9284210526315789,0.0,0.0,0.0,0.001092896174863388,0.001092896174863388,0.001092896174863388,0.0,0.0,0.0,0.0,0.0,0.007717750826901874,0.0,0.0,0.0,0.0,0.09832134292565947,0.08274231678486997,0.08018867924528301,0.089179548156956,0.08817204301075268,0.0,0.0,0.0,0.0,0.0,0.0,0.8617886178861789,0.8617886178861789,0.7996070726915521,0.8693877551020408,0.8655804480651731
resfindernewid_103,0.0,0.0011111111111111111,0.8617886178861789,0.8617886178861789,0.9004149377593361,1.0,0.8617886178861789,0.0,0.0,0.0,0.0,0.0,0.0,0.0,0.0,0.0,0.0,0.0,0.0,0.0,0.0,0.0,0.0,0.0,0.0,0.0,0.0,0.0,0.0,0.0,0.0,0.1022864019253911,0.0,0.0,0.0,0.0,0.0,0.0,0.0,0.0,0.0,0.0,0.0,0.0,0.0,0.0,0.0,0.0,0.0,0.0,0.0,0.0,0.0,0.0,0.0,0.0,0.0,0.0,0.0,0.0,0.0,0.0,0.0,0.0,0.0,0.0,0.0,0.0,0.0,0.0,0.0,0.9284210526315789,0.0,0.0,0.0,0.001092896174863388,0.001092896174863388,0.001092896174863388,0.0,0.0,0.0,0.0,0.0,0.007717750826901874,0.0,0.0,0.0,0.0,0.10494571773220748,0.089179548156956,0.08659549228944247,0.09569377990430622,0.09405405405405405,0.0,0.0,0.0,0.0,0.0,0.0,0.8617886178861789,0.8617886178861789,0.7996070726915521,0.8847736625514403,0.8617886178861789
resfindernewid_104,0.0,0.0011111111111111111,0.8617886178861789,0.8617886178861789,0.8617886178861789,0.8617886178861789,1.0,0.0,0.0,0.0,0.0,0.0,0.0,0.0,0.0,0.0,0.0,0.0,0.0,0.0,0.0,0.0,0.0,0.0,0.0,0.0,0.0,0.0,0.0,0.0,0.0,0.12530712530712532,0.0,0.0,0.0,0.0,0.0,0.0,0.0,0.0,0.0,0.0,0.0,0.0,0.0,0.0,0.0,0.0,0.0,0.0,0.0,0.0,0.0,0.0,0.0,0.0,0.0,0.0,0.0,0.0,0.0,0.0,0.0,0.0,0.0,0.0,0.0,0.0,0.0,0.0,0.0,0.9284210526315789,0.0,0.0,0.0,0.001092896174863388,0.001092896174863388,0.001092896174863388,0.0,0.0,0.0,0.0,0.0,0.007717750826901874,0.0,0.0,0.0,0.0,0.10761789600967352,0.09177592371871275,0.089179548156956,0.09832134292565947,0.09642470205850487,0.0,0.0,0.0,0.0,0.0,0.0,0.8617886178861789,0.8617886178861789,0.7996070726915521,0.8693877551020408,0.8067061143984221
resfindernewid_11,0.0,0.0,0.0,0.0,0.0,0.0,0.0,1.0,0.0,0.0,0.0,0.0,0.0,0.0,0.0,0.0,0.0,0.0,0.0,0.0,0.0,0.0,0.0,0.0,0.0,0.0,0.0,0.0,0.0,0.0,0.0,0.0,0.0,0.0,0.0,0.0,0.0,0.0,0.0,0.0,0.0,0.0,0.0,0.0,0.0,0.0,0.0,0.0,0.0,0.0,0.0,0.0,0.0,0.0,0.0,0.0,0.0,0.0,0.0,0.0,0.0,0.0,0.0,0.0,0.0,0.0,0.0,0.0,0.0,0.0,0.0,0.0,0.0,0.0,0.0,0.0,0.0,0.0,0.0,0.0,0.0,0.0,0.0,0.0,0.0,0.0,0.0,0.0,0.0,0.0,0.0,0.0,0.0,0.0,0.0,0.0,0.0,0.0,0.0,0.0,0.0,0.0,0.0,0.0
resfindernewid_12,0.0,0.0,0.0,0.0,0.0,0.0,0.0,0.0,1.0,0.0,0.9349593495934959,0.0,0.0,0.0,0.0,0.0,0.0,0.0,0.0,0.04814004376367615,0.0,0.0,0.0,0.0,0.0,0.0,0.0,0.0,0.0,0.0,0.0,0.0,0.0,0.0,0.0,0.0,0.0,0.0,0.0,0.0,0.0,0.0,0.0,0.0,0.0,0.0,0.0,0.0,0.0,0.4380664652567976,0.0,0.0,0.0,0.0,0.0,0.0,0.0,0.0,0.0,0.0,0.0,0.0,0.0,0.0,0.0,0.0,0.0,0.0,0.0,0.0,0.0,0.0,0.0,0.0,0.0,0.0,0.0,0.0,0.0,0.0,0.0,0.0,0.0,0.0,0.0,0.0,0.0,0.0,0.0,0.0,0.0,0.0,0.0,0.0,0.0,0.0,0.0,0.0,0.006362672322375398,0.0,0.0,0.0,0.0,0.0
resfindernewid_13,0.0,0.0,0.0,0.0,0.0,0.0,0.0,0.0,0.0,1.0,0.0,0.023148148148148147,0.0351288056206089,0.0,0.0,0.0,0.0,0.0,0.0,0.0,0.0,0.0,0.0,0.0,0.0,0.0,0.0,0.0,0.0,0.0,0.0,0.0,0.0,0.04491725768321513,0.09950248756218906,0.14805194805194805,0.0,0.14646464646464646,0.0,0.0,0.0,0.0,0.0,0.0,0.0,0.0,0.0,0.0,0.0,0.0,0.0,0.0,0.0,0.0,0.0,0.0,0.0,0.0,0.0,0.0,0.0,0.0,0.0,0.0,0.0,0.0,0.0,0.0,0.0,0.0,0.0,0.0,0.0,0.0,0.0,0.0,0.0,0.0,0.0,0.0,0.0,0.0,0.0,0.0,0.0,0.0,0.0,0.0,0.0,0.0,0.0,0.0,0.0,0.0,0.6492537313432836,0.0,0.023148148148148147,0.023148148148148147,0.0,0.0,0.0,0.0,0.0,0.0
resfindernewid_14,0.0,0.0,0.0,0.0,0.0,0.0,0.0,0.0,0.9349593495934959,0.0,1.0,0.0,0.0,0.0,0.0,0.0,0.0,0.0,0.0,0.04814004376367615,0.0,0.0,0.0,0.0,0.0,0.0,0.0,0.0,0.0,0.0,0.0,0.0,0.0,0.0,0.0,0.0,0.0,0.0,0.0,0.0,0.0,0.0,0.0,0.0,0.0,0.0,0.0,0.0,0.0,0.47368421052631576,0.0,0.0,0.0,0.0,0.0,0.0,0.0,0.0,0.0,0.0,0.0,0.0,0.0,0.0,0.0,0.0,0.0,0.0,0.0,0.0,0.0,0.0,0.0,0.0,0.0,0.0,0.0,0.0,0.0,0.0,0.0,0.0,0.0,0.0,0.0,0.0,0.0,0.0,0.0,0.0,0.0,0.0,0.0,0.0,0.0,0.0,0.0,0.0,0.006362672322375398,0.0,0.0,0.0,0.0,0.0
resfindernewid_15,0.0,0.0,0.0,0.0,0.0,0.0,0.0,0.0,0.0,0.023148148148148147,0.0,1.0,0.011441647597254004,0.0,0.0,0.0,0.0,0.0,0.0,0.0,0.0,0.0,0.0,0.0,0.0,0.0,0.0,0.0,0.0,0.0,0.0,0.0,0.0,0.011441647597254004,0.013761467889908258,0.0022675736961451248,0.0022675736961451248,0.015659955257270694,0.0,0.0,0.0,0.0,0.0,0.0,0.0,0.0,0.0,0.0,0.0,0.0,0.0,0.0,0.0,0.0,0.0,0.0,0.0,0.0,0.0,0.0,0.0,0.0,0.0,0.0,0.0,0.0,0.0,0.0,0.0,0.0,0.0,0.0,0.0,0.0,0.0,0.0,0.0,0.0,0.0,0.0,0.0,0.0,0.0091324200913242,0.0,0.0,0.0,0.0,0.0,0.0,0.0,0.0,0.0,0.0,0.0,0.0091324200913242,0.0022675736961451248,0.8571428571428571,0.8571428571428571,0.0,0.0,0.0,0.0,0.0,0.0
resfindernewid_16,0.0,0.0,0.0,0.0,0.0,0.0,0.0,0.0,0.0,0.0351288056206089,0.0,0.011441647597254004,1.0,0.0,0.0,0.0,0.0,0.0,0.0,0.0,0.0,0.0,0.0,0.0,0.0,0.0,0.0,0.0,0.0,0.0,0.0,0.0,0.0,0.8571428571428571,0.08333333333333333,0.04245283018867924,0.13624678663239073,0.03416856492027335,0.0,0.0,0.0,0.0,0.0,0.0,0.0,0.0,0.0,0.0,0.0,0.0,0.0,0.0,0.0,0.0,0.0,0.0,0.0,0.0,0.0,0.0,0.0,0.0,0.0,0.0,0.0,0.0,0.0,0.0,0.0,0.0,0.0,0.0,0.0,0.0,0.0,0.0,0.0,0.0,0.0,0.0,0.0,0.0,0.0091324200913242,0.0,0.0,0.0,0.0,0.0,0.0,0.0,0.0,0.0,0.0,0.0,0.016091954022988506,0.0091324200913242,0.011441647597254004,0.011441647597254004,0.0,0.0,0.0,0.0,0.0,0.0
resfindernewid_17,0.0,0.0,0.0,0.0,0.0,0.0,0.0,0.0,0.0,0.0,0.0,0.0,0.0,1.0,0.0,0.0,0.433489827856025,0.0,0.0,0.0,0.0,0.0,0.0,0.0,0.0,0.0,0.0,0.0,0.0,0.0,0.0,0.0,0.0,0.0,0.0,0.0,0.0,0.0,0.0,0.0,0.0,0.0,0.0,0.0,0.0,0.0,0.0,0.0,0.0,0.0,0.0,0.0,0.0,0.0,0.0,0.0,0.0,0.0,0.0,0.0,0.0,0.0,0.0,0.0,0.0,0.0,0.0,0.0,0.0,0.0,0.0,0.0,0.0,0.0,0.0,0.0,0.0,0.0,0.0,0.0,0.0,0.0,0.0,0.0,0.0,0.0,0.0,0.0,0.0,0.0,0.0,0.0,0.0,0.0,0.0,0.0,0.0,0.0,0.0,0.0,0.0,0.0,0.0,0.0
resfindernewid_18,0.0,0.0,0.0,0.0,0.0,0.0,0.0,0.0,0.0,0.0,0.0,0.0,0.0,0.0,1.0,0.0,0.0,0.0,0.7623400365630713,0.0,0.0,0.0,0.0,0.0,0.0,0.0,0.0,0.0,0.0,0.0,0.0,0.0,0.19751552795031055,0.0,0.0,0.0,0.0,0.0,0.0,0.0,0.0,0.0,0.0,0.0,0.0,0.0,0.0,0.0,0.0,0.0,0.0,0.0,0.0,0.0,0.0,0.0,0.0,0.020105820105820106,0.03655913978494624,0.034334763948497854,0.0,0.03655913978494624,0.03322615219721329,0.0288153681963714,0.03655913978494624,0.03655913978494624,0.03655913978494624,0.0288153681963714,0.0,0.0,0.0,0.0,0.0,0.0,0.0,0.0,0.0,0.0,0.19306930693069307,0.2141057934508816,0.18282208588957055,0.16004813477737664,0.0,0.0,0.0,0.0,0.0,0.0,0.0,0.0,0.0,0.0,0.0,0.0,0.0,0.0,0.0,0.0,0.0,0.0,0.0,0.0,0.0,0.0
resfindernewid_19,0.0,0.0,0.0,0.0,0.0,0.0,0.0,0.0,0.0,0.0,0.0,0.0,0.0,0.0,0.0,1.0,0.0,0.0,0.0,0.0,0.0,0.0,0.0,0.0,0.0,0.0,0.0,0.0,0.0,0.0,0.0,0.0,0.0,0.0,0.0,0.0,0.0,0.0,0.0,0.0,0.0,0.0,0.0,0.0,0.0,0.0,0.0,0.0,0.0,0.0,0.0,0.0,0.0,0.0,0.0,0.0,0.0,0.0,0.0,0.0,0.0,0.0,0.0,0.0,0.0,0.0,0.0,0.0,0.0,0.0,0.0,0.0,0.0,0.0,0.0,0.0,0.0,0.0,0.0,0.0,0.0,0.0,0.0,0.0,0.0,0.0,0.0,0.0,0.0,0.0,0.0,0.0,0.0,0.0,0.0,0.0,0.0,0.0,0.0,0.0,0.0,0.0,0.0,0.0
resfindernewid_2,0.0,0.002224694104560623,0.0,0.0,0.0,0.0,0.0,0.0,0.0,0.0,0.0,0.0,0.0,0.433489827856025,0.0,0.0,1.0,0.0,0.0,0.0,0.001092896174863388,0.0,0.0,0.0,0.0,0.0,0.0,0.0,0.0,0.0,0.0,0.0,0.0,0.0,0.0,0.0,0.0,0.0,0.0,0.0,0.0,0.0,0.0,0.0,0.0,0.0,0.0,0.0,0.0,0.0,0.0,0.0,0.0,0.0,0.0,0.0,0.0,0.0,0.0,0.0,0.0,0.0,0.0,0.0,0.0,0.0,0.0,0.0,0.0,0.0,0.0,0.0,0.0,0.0,0.0,0.0,0.0,0.0,0.0,0.0,0.0,0.0,0.0,0.0,0.0,0.0,0.0,0.0,0.0,0.0,0.0,0.0,0.0,0.0,0.0,0.0,0.0,0.0,0.0,0.0,0.0,0.0,0.0,0.0
resfindernewid_20,0.0,0.005580357142857143,0.0,0.0,0.0,0.0,0.0,0.0,0.0,0.0,0.0,0.0,0.0,0.0,0.0,0.0,0.0,1.0,0.0,0.0,0.0043859649122807015,0.0,0.0,0.0,0.0,0.0,0.0,0.001092896174863388,0.01327433628318584,0.0,0.0,0.0,0.0,0.0,0.0,0.0,0.0,0.0,0.0043859649122807015,0.049255441008018326,0.049255441008018326,0.03502824858757062,0.049255441008018326,0.02346368715083799,0.049255441008018326,0.04971751412429379,0.049255441008018326,0.049255441008018326,0.049255441008018326,0.0,0.049255441008018326,0.049255441008018326,0.049255441008018326,0.04805491990846682,0.049255441008018326,0.049255441008018326,0.028058361391694726,0.0,0.0,0.0,0.0,0.0,0.0,0.0,0.0,0.0,0.0,0.0,0.0,0.0,0.0,0.0,0.8732106339468303,0.751434034416826,0.6357142857142857,0.01327433628318584,0.01327433628318584,0.01327433628318584,0.0,0.0,0.0,0.0,0.0,0.005500550055005501,0.0,0.0,0.0,0.001092896174863388,0.0,0.007700770077007701,0.0,0.0,0.0,0.0,0.0,0.0,0.0,0.0,0.0,0.0,0.0,0.0,0.0,0.0
resfindernewid_21,0.0,0.0,0.0,0.0,0.0,0.0,0.0,0.0,0.0,0.0,0.0,0.0,0.0,0.0,0.7623400365630713,0.0,0.0,0.0,1.0,0.0,0.0,0.0,0.0,0.0,0.0,0.0,0.0,0.0,0.0,0.0,0.0,0.0,0.18137254901960784,0.0,0.0,0.0,0.0,0.0,0.0,0.0,0.0,0.0,0.0,0.0,0.0,0.0,0.0,0.0,0.0,0.0,0.0,0.0,0.0,0.0,0.0,0.0,0.0,0.020105820105820106,0.03655913978494624,0.034334763948497854,0.0,0.03655913978494624,0.03322615219721329,0.0288153681963714,0.03655913978494624,0.03655913978494624,0.03655913978494624,0.0288153681963714,0.0,0.0,0.0,0.0,0.0,0.0,0.0,0.0,0.0,0.0,0.17704517704517705,0.18427518427518427,0.16707021791767554,0.14489311163895488,0.0,0.0,0.0,0.0,0.0,0.0,0.0,0.0,0.0,0.0,0.0,0.0,0.0,0.0,0.0,0.0,0.0,0.0,0.0,0.0,0.0,0.0
resfindernewid_22,0.0,0.0,0.0,0.0,0.0,0.0,0.0,0.0,0.04814004376367615,0.0,0.04814004376367615,0.0,0.0,0.0,0.0,0.0,0.0,0.0,0.0,1.0,0.0,0.0,0.0,0.0,0.0,0.0,0.0,0.0,0.0,0.0,0.0,0.0,0.0,0.0,0.0,0.0,0.0,0.0,0.0,0.0,0.0,0.0,0.0,0.0,0.0,0.0,0.0,0.0,0.0,0.04585152838427948,0.0,0.0,0.0,0.0,0.0,0.0,0.0,0.0,0.0,0.0,0.0,0.0,0.0,0.0,0.0,0.0,0.0,0.0,0.0,0.0,0.0,0.0,0.0,0.0,0.0,0.0,0.0,0.0,0.0,0.0,0.0,0.0,0.0,0.0,0.0,0.0,0.0,0.0,0.0,0.0,0.0,0.0,0.0,0.0,0.0,0.0,0.0,0.0,0.015957446808510637,0.0,0.0,0.0,0.0,0.0
resfindernewid_23,0.0,0.0,0.0,0.0,0.0,0.0,0.0,0.0,0.0,0.0,0.0,0.0,0.0,0.0,0.0,0.0,0.001092896174863388,0.0043859649122807015,0.0,0.0,1.0,0.0,0.0,0.0,0.0,0.0,0.0,0.145,0.007700770077007701,0.0,0.0,0.0,0.0,0.0,0.0,0.0,0.0,0.0,0.0,0.0,0.0,0.0,0.0,0.0,0.0,0.0,0.0,0.0,0.0,0.0,0.0,0.0,0.0,0.0,0.0,0.0,0.0,0.0,0.0,0.0,0.0,0.0,0.0,0.0,0.0,0.0,0.0,0.0,0.0,0.0,0.0,0.0,0.0043859649122807015,0.0043859649122807015,0.0043859649122807015,0.007700770077007701,0.006593406593406593,0.007700770077007701,0.0,0.0,0.0,0.0,0.0,0.0,0.0,0.0,0.0,0.1698595146871009,0.0,0.0,0.0,0.0,0.0,0.0,0.0,0.0,0.0,0.0,0.0,0.0,0.0,0.0,0.0,0.0
resfindernewid_24,0.0,0.0,0.0,0.0,0.0,0.0,0.0,0.0,0.0,0.0,0.0,0.0,0.0,0.0,0.0,0.0,0.0,0.0,0.0,0.0,0.0,1.0,0.0,0.0,0.0,0.0,0.0,0.0,0.0,0.0,0.0,0.0,0.0,0.0,0.0,0.0,0.0,0.0,0.0,0.0,0.0,0.0,0.0,0.0,0.0,0.0,0.0,0.0,0.0,0.0,0.0,0.0,0.0,0.0,0.0,0.0,0.0,0.0,0.0,0.0,0.0,0.0,0.0,0.0,0.0,0.0,0.0,0.0,0.0,0.0,0.0,0.0,0.0,0.0,0.0,0.0,0.0,0.0,0.0,0.0,0.0,0.0,0.0,0.0,0.0,0.0,0.0,0.0,0.0,0.0,0.0,0.0,0.0,0.0,0.0,0.0,0.0,0.0,0.0,0.0,0.0,0.0,0.0,0.0
resfindernewid_25,0.0,0.0,0.0,0.0,0.0,0.0,0.0,0.0,0.0,0.0,0.0,0.0,0.0,0.0,0.0,0.0,0.0,0.0,0.0,0.0,0.0,0.0,1.0,0.0,0.0,0.0,0.0,0.0,0.0,0.0,0.0,0.0,0.0,0.0,0.0,0.0,0.0,0.0,0.0,0.0,0.0,0.0,0.0,0.0,0.0,0.0,0.0,0.0,0.0,0.0,0.0,0.0,0.0,0.0,0.0,0.0,0.0,0.0,0.0,0.0,0.0,0.0,0.0,0.0,0.0,0.0,0.0,0.0,0.0,0.0,0.0,0.0,0.0,0.0,0.0,0.0,0.0,0.0,0.0,0.0,0.0,0.0,0.0,0.0,0.0,0.0,0.0,0.0,0.0,0.0,0.0,0.0,0.0,0.0,0.0,0.0,0.0,0.0,0.0,0.0,0.0,0.0,0.0,0.0
resfindernewid_26,0.0,0.012359550561797753,0.0,0.0,0.0,0.0,0.0,0.0,0.0,0.0,0.0,0.0,0.0,0.0,0.0,0.0,0.0,0.0,0.0,0.0,0.0,0.0,0.0,1.0,0.0,0.0,0.06141367323290846,0.0,0.0,0.0,0.0,0.0,0.0,0.0,0.0,0.0,0.0,0.0,0.20367936925098554,0.0,0.0,0.0,0.0,0.0,0.0,0.0,0.0,0.0,0.0,0.0,0.0,0.0,0.0,0.0,0.0,0.0,0.0,0.0,0.0,0.0,0.0,0.0,0.0,0.0,0.0,0.0,0.0,0.0,0.06884480746791131,0.06141367323290846,0.06884480746791131,0.0,0.0,0.0,0.0,0.0,0.0,0.0,0.0,0.0,0.0,0.0,0.0,0.001095290251916758,0.6534296028880866,0.9243697478991597,0.9284210526315789,0.0,0.0,0.0,0.0,0.0,0.0,0.06077981651376147,0.0,0.0,0.0,0.0,0.0,0.0,0.0,0.0,0.0,0.0
resfindernewid_27,0.0,0.0,0.0,0.0,0.0,0.0,0.0,0.0,0.0,0.0,0.0,0.0,0.0,0.0,0.0,0.0,0.0,0.0,0.0,0.0,0.0,0.0,0.0,0.0,1.0,0.0,0.0,0.0,0.0,0.0,0.0,0.0,0.0,0.0,0.0,0.0,0.0,0.0,0.0,0.0,0.0,0.0,0.0,0.0,0.0,0.0,0.0,0.0,0.0,0.0,0.0,0.0,0.0,0.0,0.0,0.0,0.0,0.0,0.0,0.0,0.0,0.0,0.0,0.0,0.0,0.0,0.0,0.0,0.0,0.0,0.0,0.0,0.0,0.0,0.0,0.0,0.0,0.0,0.0,0.0,0.0,0.0,0.0,0.0,0.0,0.0,0.0,0.0,0.0,0.0,0.0,0.0,0.0,0.0,0.0,0.0,0.0,0.0,0.0,0.0,0.0,0.0,0.0,0.0
resfindernewid_28,0.0,0.0,0.0,0.0,0.0,0.0,0.0,0.0,0.0,0.0,0.0,0.0,0.0,0.0,0.0,0.0,0.0,0.0,0.0,0.0,0.0,0.0,0.0,0.0,0.0,1.0,0.0,0.0,0.0,0.0,0.0,0.0,0.0,0.0,0.0,0.0,0.0,0.0,0.0,0.0,0.0,0.0,0.0,0.0,0.0,0.0,0.0,0.0,0.0,0.0,0.0,0.0,0.0,0.0,0.0,0.0,0.0,0.0,0.0,0.0,0.0,0.0,0.0,0.0,0.0,0.0,0.0,0.0,0.0,0.0,0.0,0.0,0.0,0.0,0.0,0.0,0.0,0.0,0.0,0.0,0.0,0.0,0.0,0.0,0.0,0.0,0.0,0.0,0.0,0.0,0.0,0.0,0.0,0.0,0.0,0.0,0.0,0.0,0.0,0.0,0.0,0.0,0.0,0.0
resfindernewid_29,0.0,0.015783540022547914,0.0,0.0,0.0,0.0,0.0,0.0,0.0,0.0,0.0,0.0,0.0,0.0,0.0,0.0,0.0,0.0,0.0,0.0,0.0,0.0,0.0,0.06141367323290846,0.0,0.0,1.0,0.0,0.0,0.0,0.0,0.001092896174863388,0.0,0.0,0.0,0.0,0.0,0.0,0.06635622817229336,0.0,0.0,0.0,0.0,0.0,0.0,0.0,0.0,0.0,0.0,0.0,0.0,0.0,0.0,0.0,0.0,0.0,0.0,0.0,0.0,0.0,0.0,0.0,0.0,0.0,0.0,0.0,0.0,0.0,0.7996070726915521,0.9203354297693921,0.8617886178861789,0.0,0.0,0.0,0.0,0.0,0.0,0.0,0.0,0.0,0.0,0.0,0.0,0.0,0.05408515535097814,0.05408515535097814,0.06141367323290846,0.0,0.0,0.0,0.0,0.0,0.0,0.8389662027833003,0.0,0.0,0.0,0.0,0.0,0.0,0.0,0.0,0.0,0.0
resfindernewid_3,0.0,0.0,0.0,0.0,0.0,0.0,0.0,0.0,0.0,0.0,0.0,0.0,0.0,0.0,0.0,0.0,0.0,0.001092896174863388,0.0,0.0,0.145,0.0,0.0,0.0,0.0,0.0,0.0,1.0,0.0043859649122807015,0.0,0.0,0.0,0.0,0.0,0.0,0.0,0.0,0.0,0.0,0.0,0.0,0.0,0.0,0.0,0.0,0.0,0.0,0.0,0.0,0.0,0.0,0.0,0.0,0.0,0.0,0.0,0.0,0.0,0.0,0.0,0.0,0.0,0.0,0.0,0.0,0.0,0.0,0.0,0.0,0.0,0.0,0.0,0.001092896174863388,0.001092896174863388,0.001092896174863388,0.0043859649122807015,0.0032858707557502738,0.0043859649122807015,0.0,0.0,0.0,0.0,0.0,0.0,0.0,0.0,0.0,0.444794952681388,0.0,0.0032858707557502738,0.0,0.0,0.0,0.0,0.0,0.0,0.0,0.0,0.0,0.0,0.0,0.0,0.0,0.0
resfindernewid_30,0.0,0.002224694104560623,0.0,0.0,0.0,0.0,0.0,0.0,0.0,0.0,0.0,0.0,0.0,0.0,0.0,0.0,0.0,0.01327433628318584,0.0,0.0,0.007700770077007701,0.0,0.0,0.0,0.0,0.0,0.0,0.0043859649122807015,1.0,0.0,0.0,0.0,0.0,0.0,0.0,0.0,0.0,0.0,0.0,0.0,0.0,0.0,0.0,0.0,0.0,0.0,0.0,0.0,0.0,0.0,0.0,0.0,0.0,0.0,0.0,0.0,0.0,0.0,0.0,0.0,0.0,0.0,0.0,0.0,0.0,0.0,0.0,0.0,0.0,0.0,0.0,0.0,0.01327433628318584,0.01327433628318584,0.012154696132596685,0.8283433133732535,0.7121495327102804,0.7683397683397684,0.0,0.0,0.0,0.0,0.0,0.003293084522502744,0.0,0.0,0.0,0.0043859649122807015,0.0,0.0,0.0,0.0,0.0,0.0,0.0,0.0,0.0,0.0,0.0,0.0,0.0,0.0,0.0,0.0
resfindernewid_31,0.9404553415061296,0.0,0.0,0.0,0.0,0.0,0.0,0.0,0.0,0.0,0.0,0.0,0.0,0.0,0.0,0.0,0.0,0.0,0.0,0.0,0.0,0.0,0.0,0.0,0.0,0.0,0.0,0.0,0.0,1.0,0.0,0.0,0.0,0.0,0.0,0.0,0.0,0.0,0.0,0.0,0.0,0.0,0.0,0.0,0.0,0.0,0.0,0.0,0.0,0.0,0.0,0.0,0.0,0.0,0.0,0.0,0.0,0.0,0.0,0.0,0.0,0.0,0.0,0.0,0.0,0.0,0.0,0.0,0.0,0.0,0.0,0.0,0.0,0.0,0.0,0.0,0.0,0.0,0.0,0.0,0.0,0.0,0.0,0.0,0.0,0.0,0.0,0.0,0.0,0.0,0.0,0.0,0.0,0.0,0.0,0.0,0.0,0.0,0.0,0.0,0.0,0.0,0.0,0.0
resfindernewid_32,0.0,0.0,0.0,0.0,0.0,0.0,0.0,0.0,0.0,0.0,0.0,0.0,0.0,0.0,0.0,0.0,0.0,0.0,0.0,0.0,0.0,0.0,0.0,0.0,0.0,0.0,0.0,0.0,0.0,0.0,1.0,0.0,0.0,0.0,0.0,0.0,0.0,0.0,0.0,0.0,0.0,0.0,0.0,0.0,0.0,0.0,0.0,0.0,0.0,0.0,0.0,0.0,0.0,0.0,0.0,0.0,0.0,0.0,0.0,0.0,0.0,0.0,0.0,0.0,0.0,0.0,0.0,0.0,0.0,0.0,0.0,0.0,0.0,0.0,0.0,0.0,0.0,0.0,0.0,0.0,0.0,0.0,0.0,0.0,0.0,0.0,0.0,0.0,0.0,0.0,0.0,0.0,0.0,0.0,0.0,0.0,0.0,0.0,0.0,0.0,0.0,0.0,0.0,0.0
resfindernewid_33,0.0,0.0011111111111111111,0.12530712530712532,0.12530712530712532,0.1022864019253911,0.1022864019253911,0.12530712530712532,0.0,0.0,0.0,0.0,0.0,0.0,0.0,0.0,0.0,0.0,0.0,0.0,0.0,0.0,0.0,0.0,0.0,0.0,0.0,0.001092896174863388,0.0,0.0,0.0,0.0,1.0,0.0,0.0,0.0,0.0,0.0,0.0,0.001092896174863388,0.0,0.0,0.0,0.0,0.0,0.0,0.0,0.0,0.0,0.0,0.0,0.0,0.0,0.0,0.0,0.0,0.0,0.0,0.0,0.0,0.0,0.0,0.0,0.0,0.0,0.0,0.0,0.0,0.0,0.002188183807439825,0.001092896174863388,0.002188183807439825,0.12530712530712532,0.0,0.0,0.0,0.0,0.0,0.0,0.0,0.0,0.0,0.0,0.0,0.001095290251916758,0.0,0.0,0.0,0.0,0.06387921022067364,0.057736720554272515,0.055299539170506916,0.06264501160092807,0.05747126436781609,0.0021668472372697724,0.0,0.0,0.0,0.0,0.0,0.12530712530712532,0.12530712530712532,0.12254901960784313,0.11707317073170732,0.09438470728793309
resfindernewid_34,0.0,0.0,0.0,0.0,0.0,0.0,0.0,0.0,0.0,0.0,0.0,0.0,0.0,0.0,0.19751552795031055,0.0,0.0,0.0,0.18137254901960784,0.0,0.0,0.0,0.0,0.0,0.0,0.0,0.0,0.0,0.0,0.0,0.0,0.0,1.0,0.0,0.0,0.0,0.0,0.0,0.0,0.0,0.0,0.0,0.0,0.0,0.0,0.0,0.0,0.0,0.0,0.0,0.0,0.0,0.0,0.0,0.0,0.0,0.0,0.022269353128313893,0.04782608695652174,0.04329004329004329,0.0,0.04782608695652174,0.044420368364030335,0.04782608695652174,0.04782608695652174,0.04782608695652174,0.04782608695652174,0.04782608695652174,0.0,0.0,0.0,0.0,0.0,0.0,0.0,0.0,0.0,0.0,0.8682170542635659,0.3027027027027027,0.4583963691376702,0.42814814814814817,0.0,0.0,0.0,0.0,0.0,0.0,0.0010649627263045794,0.0,0.0010649627263045794,0.0010649627263045794,0.0,0.0,0.0,0.0,0.0,0.0,0.0,0.0,0.0,0.0,0.0,0.0
resfindernewid_35,0.0,0.0,0.0,0.0,0.0,0.0,0.0,0.0,0.0,0.04491725768321513,0.0,0.011441647597254004,0.8571428571428571,0.0,0.0,0.0,0.0,0.0,0.0,0.0,0.0,0.0,0.0,0.0,0.0,0.0,0.0,0.0,0.0,0.0,0.0,0.0,0.0,1.0,0.085995085995086,0.04245283018867924,0.13624678663239073,0.0365296803652968,0.0,0.0,0.0,0.0,0.0,0.0,0.0,0.0,0.0,0.0,0.0,0.0,0.0,0.0,0.0,0.0,0.0,0.0,0.0,0.0,0.0,0.0,0.0,0.0,0.0,0.0,0.0,0.0,0.0,0.0,0.0,0.0,0.0,0.0,0.0,0.0,0.0,0.0,0.0,0.0,0.0,0.0,0.0,0.0,0.011441647597254004,0.0,0.0,0.0,0.0,0.0,0.0,0.0,0.0,0.0,0.0,0.0,0.025522041763341066,0.011441647597254004,0.011441647597254004,0.011441647597254004,0.0,0.0,0.0,0.0,0.0,0.0
resfindernewid_36,0.0,0.0,0.0,0.0,0.0,0.0,0.0,0.0,0.0,0.09950248756218906,0.0,0.013761467889908258,0.08333333333333333,0.0,0.0,0.0,0.0,0.0,0.0,0.0,0.0,0.0,0.0,0.0,0.0,0.0,0.0,0.0,0.0,0.0,0.0,0.0,0.0,0.085995085995086,1.0,0.10224438902743142,0.023148148148148147,0.15521628498727735,0.0,0.0,0.0,0.0,0.0,0.0,0.0,0.0,0.0,0.0,0.0,0.0,0.0,0.0,0.0,0.0,0.0,0.0,0.0,0.0,0.0,0.0,0.0,0.0,0.0,0.0,0.0,0.0,0.0,0.0,0.0,0.0,0.0,0.0,0.0,0.0,0.0,0.0,0.0,0.0,0.0,0.0,0.0,0.0,0.0,0.0,0.0,0.0,0.0,0.0,0.0,0.0,0.0,0.0,0.0,0.0,0.06506024096385542,0.0,0.013761467889908258,0.013761467889908258,0.0,0.0,0.0,0.0,0.0,0.0
resfindernewid_37,0.0,0.0,0.0,0.0,0.0,0.0,0.0,0.0,0.0,0.14805194805194805,0.0,0.0022675736961451248,0.04245283018867924,0.0,0.0,0.0,0.0,0.0,0.0,0.0,0.0,0.0,0.0,0.0,0.0,0.0,0.0,0.0,0.0,0.0,0.0,0.0,0.0,0.04245283018867924,0.10224438902743142,1.0,0.03271028037383177,0.19473684210526315,0.0,0.0,0.0,0.0,0.0,0.0,0.0,0.0,0.0,0.0,0.0,0.0,0.0,0.0,0.0,0.0,0.0,0.0,0.0,0.0,0.0,0.0,0.0,0.0,0.0,0.0,0.0,0.0,0.0,0.0,0.0,0.0,0.0,0.0,0.0,0.0,0.0,0.0,0.0,0.0,0.0,0.0,0.0,0.0,0.0,0.0,0.0,0.0,0.0,0.0,0.0,0.0,0.0,0.0,0.0,0.0,0.08068459657701711,0.0,0.0022675736961451248,0.0022675736961451248,0.0,0.0,0.0,0.0,0.0,0.0
resfindernewid_38,0.0,0.0,0.0,0.0,0.0,0.0,0.0,0.0,0.0,0.0,0.0,0.0022675736961451248,0.13624678663239073,0.0,0.0,0.0,0.0,0.0,0.0,0.0,0.0,0.0,0.0,0.0,0.0,0.0,0.0,0.0,0.0,0.0,0.0,0.0,0.0,0.13624678663239073,0.023148148148148147,0.03271028037383177,1.0,0.0,0.0,0.0,0.0,0.0,0.0,0.0,0.0,0.0,0.0,0.0,0.0,0.0,0.0,0.0,0.0,0.0,0.0,0.0,0.0,0.0,0.0,0.0,0.0,0.0,0.0,0.0,0.0,0.0,0.0,0.0,0.0,0.0,0.0,0.0,0.0,0.0,0.0,0.0,0.0,0.0,0.0,0.0,0.0,0.0,0.025522041763341066,0.0,0.0,0.0,0.0,0.0,0.0,0.0,0.0,0.0,0.0,0.0,0.0,0.03271028037383177,0.0022675736961451248,0.0022675736961451248,0.0,0.0,0.0,0.0,0.0,0.0
resfindernewid_39,0.0,0.0,0.0,0.0,0.0,0.0,0.0,0.0,0.0,0.14646464646464646,0.0,0.015659955257270694,0.03416856492027335,0.0,0.0,0.0,0.0,0.0,0.0,0.0,0.0,0.0,0.0,0.0,0.0,0.0,0.0,0.0,0.0,0.0,0.0,0.0,0.0,0.0365296803652968,0.15521628498727735,0.19473684210526315,0.0,1.0,0.0,0.0,0.0,0.0,0.0,0.0,0.0,0.0,0.0,0.0,0.0,0.0,0.0,0.0,0.0,0.0,0.0,0.0,0.0,0.0,0.0,0.0,0.0,0.0,0.0,0.0,0.0,0.0,0.0,0.0,0.0,0.0,0.0,0.0,0.0,0.0,0.0,0.0,0.0,0.0,0.0,0.0,0.0,0.0,0.0,0.0,0.0,0.0,0.0,0.0,0.0,0.0,0.0,0.0,0.0,0.0,0.06572769953051644,0.0,0.015659955257270694,0.015659955257270694,0.0,0.0,0.0,0.0,0.0,0.0
resfindernewid_4,0.0,0.01122334455667789,0.0,0.0,0.0,0.0,0.0,0.0,0.0,0.0,0.0,0.0,0.0,0.0,0.0,0.0,0.0,0.0043859649122807015,0.0,0.0,0.0,0.0,0.0,0.20367936925098554,0.0,0.0,0.06635622817229336,0.0,0.0,0.0,0.0,0.001092896174863388,0.0,0.0,0.0,0.0,0.0,0.0,1.0,0.0,0.0,0.0,0.0,0.0,0.0,0.0,0.0,0.0,0.0,0.0,0.0,0.0,0.0,0.0,0.0,0.0,0.0,0.0,0.0,0.0,0.0,0.0,0.0,0.0,0.0,0.0,0.0,0.0,0.0738569753810082,0.06635622817229336,0.0738569753810082,0.0,0.0043859649122807015,0.0043859649122807015,0.0043859649122807015,0.0,0.0,0.0,0.0,0.0,0.0,0.0,0.0,0.0,0.1788931788931789,0.2020997375328084,0.18961038961038962,0.0,0.0,0.0,0.0,0.0,0.0,0.06566820276497695,0.0,0.0,0.0,0.0,0.0,0.0,0.0,0.0,0.0,0.0
resfindernewid_40,0.0,0.0067039106145251395,0.0,0.0,0.0,0.0,0.0,0.0,0.0,0.0,0.0,0.0,0.0,0.0,0.0,0.0,0.0,0.049255441008018326,0.0,0.0,0.0,0.0,0.0,0.0,0.0,0.0,0.0,0.0,0.0,0.0,0.0,0.0,0.0,0.0,0.0,0.0,0.0,0.0,0.0,1.0,0.7996070726915521,0.8809034907597536,0.9123173277661796,0.7581573896353166,0.8210735586481114,0.8542914171656687,0.9284210526315789,0.832,0.7996070726915521,0.0,0.7185741088180112,0.8617886178861789,0.7996070726915521,0.8617886178861789,0.9284210526315789,0.8617886178861789,0.796078431372549,0.0,0.0,0.0,0.0,0.0,0.0,0.0,0.0,0.0,0.0,0.0,0.0,0.0,0.0,0.0,0.052873563218390804,0.052873563218390804,0.052873563218390804,0.0,0.0,0.0,0.0,0.0,0.0,0.0,0.0,0.0,0.0,0.0,0.0,0.0,0.0,0.025755879059350503,0.0,0.0,0.0,0.0,0.0,0.0,0.0,0.0,0.0,0.0,0.0,0.0,0.0,0.0
resfindernewid_41,0.0,0.005580357142857143,0.0,0.0,0.0,0.0,0.0,0.0,0.0,0.0,0.0,0.0,0.0,0.0,0.0,0.0,0.0,0.049255441008018326,0.0,0.0,0.0,0.0,0.0,0.0,0.0,0.0,0.0,0.0,0.0,0.0,0.0,0.0,0.0,0.0,0.0,0.0,0.0,0.0,0.0,0.7996070726915521,1.0,0.8174603174603174,0.7996070726915521,0.7026022304832714,0.7283018867924528,0.7796934865900383,0.8617886178861789,0.7414448669201521,0.7821011673151751,0.0,0.6654545454545454,0.7996070726915521,0.7414448669201521,0.7996070726915521,0.7996070726915521,0.832,0.7381404174573055,0.0,0.0,0.0,0.0,0.0,0.0,0.0,0.0,0.0,0.0,0.0,0.0,0.0,0.0,0.0,0.052873563218390804,0.052873563218390804,0.052873563218390804,0.0,0.0,0.0,0.0,0.0,0.0,0.0,0.0,0.0,0.0,0.0,0.0,0.0,0.0,0.021181716833890748,0.0,0.0,0.0,0.0,0.0,0.0,0.0,0.0,0.0,0.0,0.0,0.0,0.0,0.0
resfindernewid_42,0.0,0.0011111111111111111,0.0,0.0,0.0,0.0,0.0,0.0,0.0,0.0,0.0,0.0,0.0,0.0,0.0,0.0,0.0,0.03502824858757062,0.0,0.0,0.0,0.0,0.0,0.0,0.0,0.0,0.0,0.0,0.0,0.0,0.0,0.0,0.0,0.0,0.0,0.0,0.0,0.0,0.0,0.8809034907597536,0.8174603174603174,1.0,0.8809034907597536,0.8138613861386138,0.8031496062992126,0.858,0.948936170212766,0.8174603174603174,0.8174603174603174,0.0,0.7348484848484849,0.8809034907597536,0.8174603174603174,0.8809034907597536,0.8809034907597536,0.8809034907597536,0.8467741935483871,0.0,0.0,0.0,0.0,0.0,0.0,0.0,0.0,0.0,0.0,0.0,0.0,0.0,0.0,0.0,0.03854875283446712,0.03854875283446712,0.03854875283446712,0.0,0.0,0.0,0.0,0.0,0.0,0.0,0.0,0.0,0.0,0.0,0.0,0.0,0.0,0.025755879059350503,0.0,0.0,0.0,0.0,0.0,0.0,0.0,0.0,0.0,0.0,0.0,0.0,0.0,0.0
resfindernewid_43,0.0,0.0067039106145251395,0.0,0.0,0.0,0.0,0.0,0.0,0.0,0.0,0.0,0.0,0.0,0.0,0.0,0.0,0.0,0.049255441008018326,0.0,0.0,0.0,0.0,0.0,0.0,0.0,0.0,0.0,0.0,0.0,0.0,0.0,0.0,0.0,0.0,0.0,0.0,0.0,0.0,0.0,0.9123173277661796,0.7996070726915521,0.8809034907597536,1.0,0.7581573896353166,0.8356713426853707,0.8396039603960396,0.9284210526315789,0.8174603174603174,0.7996070726915521,0.0,0.7185741088180112,0.8617886178861789,0.7996070726915521,0.8617886178861789,0.9123173277661796,0.8617886178861789,0.796078431372549,0.0,0.0,0.0,0.0,0.0,0.0,0.0,0.0,0.0,0.0,0.0,0.0,0.0,0.0,0.0,0.052873563218390804,0.052873563218390804,0.052873563218390804,0.0,0.0,0.0,0.0,0.0,0.0,0.0,0.0,0.0,0.0,0.0,0.0,0.0,0.0,0.025755879059350503,0.0,0.0,0.0,0.0,0.0,0.0,0.0,0.0,0.0,0.0,0.0,0.0,0.0,0.0
resfindernewid_44,0.0,0.002224694104560623,0.0,0.0,0.0,0.0,0.0,0.0,0.0,0.0,0.0,0.0,0.0,0.0,0.0,0.0,0.0,0.02346368715083799,0.0,0.0,0.0,0.0,0.0,0.0,0.0,0.0,0.0,0.0,0.0,0.0,0.0,0.0,0.0,0.0,0.0,0.0,0.0,0.0,0.0,0.7581573896353166,0.7026022304832714,0.8138613861386138,0.7581573896353166,1.0,0.7581573896353166,0.7397003745318352,0.8174603174603174,0.8174603174603174,0.8174603174603174,0.0,0.7348484848484849,0.7581573896353166,0.7185741088180112,0.7581573896353166,0.7581573896353166,0.7581573896353166,0.7547892720306514,0.0,0.0,0.0,0.0,0.0,0.0,0.0,0.0,0.0,0.0,0.0,0.0,0.0,0.0,0.0,0.02346368715083799,0.02346368715083799,0.02346368715083799,0.0,0.0,0.0,0.0,0.0,0.0,0.0,0.0,0.0,0.0,0.0,0.0,0.0,0.0,0.025755879059350503,0.0,0.0,0.0,0.0,0.0,0.0,0.0,0.0,0.0,0.0,0.0,0.0,0.0,0.0
resfindernewid_45,0.0,0.0067039106145251395,0.0,0.0,0.0,0.0,0.0,0.0,0.0,0.0,0.0,0.0,0.0,0.0,0.0,0.0,0.0,0.049255441008018326,0.0,0.0,0.0,0.0,0.0,0.0,0.0,0.0,0.0,0.0,0.0,0.0,0.0,0.0,0.0,0.0,0.0,0.0,0.0,0.0,0.0,0.8210735586481114,0.7283018867924528,0.8031496062992126,0.8356713426853707,0.7581573896353166,1.0,0.7661596958174905,0.8467741935483871,0.8067061143984221,0.7996070726915521,0.0,0.7185741088180112,0.7855750487329435,0.7447619047619047,0.7855750487329435,0.8210735586481114,0.7855750487329435,0.7250470809792844,0.0,0.0,0.0,0.0,0.0,0.0,0.0,0.0,0.0,0.0,0.0,0.0,0.0,0.0,0.0,0.052873563218390804,0.052873563218390804,0.052873563218390804,0.0,0.0,0.0,0.0,0.0,0.0,0.0,0.0,0.0,0.0,0.0,0.0,0.0,0.0,0.025755879059350503,0.0,0.0,0.0,0.0,0.0,0.0,0.0,0.0,0.0,0.0,0.0,0.0,0.0,0.0
resfindernewid_46,0.0,0.006607929515418502,0.0,0.0,0.0,0.0,0.0,0.0,0.0,0.0,0.0,0.0,0.0,0.0,0.0,0.0,0.0,0.04971751412429379,0.0,0.0,0.0,0.0,0.0,0.0,0.0,0.0,0.0,0.0,0.0,0.0,0.0,0.0,0.0,0.0,0.0,0.0,0.0,0.0,0.0,0.8542914171656687,0.7796934865900383,0.858,0.8396039603960396,0.7397003745318352,0.7661596958174905,1.0,0.9036885245901639,0.8215686274509804,0.7796934865900383,0.0,0.7014652014652014,0.8396039603960396,0.7934362934362934,0.8396039603960396,0.8542914171656687,0.8396039603960396,0.7762906309751434,0.0,0.0,0.0,0.0,0.0,0.0,0.0,0.0,0.0,0.0,0.0,0.0,0.0,0.0,0.0,0.05328798185941043,0.05328798185941043,0.05328798185941043,0.0,0.0,0.0,0.0,0.0,0.0,0.0,0.0,0.0,0.0,0.0,0.0,0.0,0.0,0.025386313465783666,0.0,0.0,0.0,0.0,0.0,0.0,0.0,0.0,0.0,0.0,0.0,0.0,0.0,0.0
resfindernewid_47,0.0,0.0067039106145251395,0.0,0.0,0.0,0.0,0.0,0.0,0.0,0.0,0.0,0.0,0.0,0.0,0.0,0.0,0.0,0.049255441008018326,0.0,0.0,0.0,0.0,0.0,0.0,0.0,0.0,0.0,0.0,0.0,0.0,0.0,0.0,0.0,0.0,0.0,0.0,0.0,0.0,0.0,0.9284210526315789,0.8617886178861789,0.948936170212766,0.9284210526315789,0.8174603174603174,0.8467741935483871,0.9036885245901639,1.0,0.8617886178861789,0.8617886178861789,0.0,0.7751937984496124,0.9284210526315789,0.8617886178861789,0.9284210526315789,0.9284210526315789,0.9284210526315789,0.8580121703853956,0.0,0.0,0.0,0.0,0.0,0.0,0.0,0.0,0.0,0.0,0.0,0.0,0.0,0.0,0.0,0.052873563218390804,0.052873563218390804,0.052873563218390804,0.0,0.0,0.0,0.0,0.0,0.0,0.0,0.0,0.0,0.0,0.0,0.0,0.0,0.0,0.025755879059350503,0.0,0.0,0.0,0.0,0.0,0.0,0.0,0.0,0.0,0.0,0.0,0.0,0.0,0.0
resfindernewid_48,0.0,0.0067039106145251395,0.0,0.0,0.0,0.0,0.0,0.0,0.0,0.0,0.0,0.0,0.0,0.0,0.0,0.0,0.0,0.049255441008018326,0.0,0.0,0.0,0.0,0.0,0.0,0.0,0.0,0.0,0.0,0.0,0.0,0.0,0.0,0.0,0.0,0.0,0.0,0.0,0.0,0.0,0.832,0.7414448669201521,0.8174603174603174,0.8174603174603174,0.8174603174603174,0.8067061143984221,0.8215686274509804,0.8617886178861789,1.0,0.8617886178861789,0.0,0.7751937984496124,0.7996070726915521,0.7581573896353166,0.7996070726915521,0.832,0.7996070726915521,0.7381404174573055,0.0,0.0,0.0,0.0,0.0,0.0,0.0,0.0,0.0,0.0,0.0,0.0,0.0,0.0,0.0,0.052873563218390804,0.052873563218390804,0.052873563218390804,0.0,0.0,0.0,0.0,0.0,0.0,0.0,0.0,0.0,0.0,0.0,0.0,0.0,0.0,0.025755879059350503,0.0,0.0,0.0,0.0,0.0,0.0,0.0,0.0,0.0,0.0,0.0,0.0,0.0,0.0
resfindernewid_49,0.0,0.0067039106145251395,0.0,0.0,0.0,0.0,0.0,0.0,0.0,0.0,0.0,0.0,0.0,0.0,0.0,0.0,0.0,0.049255441008018326,0.0,0.0,0.0,0.0,0.0,0.0,0.0,0.0,0.0,0.0,0.0,0.0,0.0,0.0,0.0,0.0,0.0,0.0,0.0,0.0,0.0,0.7996070726915521,0.7821011673151751,0.8174603174603174,0.7996070726915521,0.8174603174603174,0.7996070726915521,0.7796934865900383,0.8617886178861789,0.8617886178861789,1.0,0.0,0.7751937984496124,0.7996070726915521,0.7581573896353166,0.7996070726915521,0.7996070726915521,0.8138613861386138,0.7381404174573055,0.0,0.0,0.0,0.0,0.0,0.0,0.0,0.0,0.0,0.0,0.0,0.0,0.0,0.0,0.0,0.052873563218390804,0.052873563218390804,0.052873563218390804,0.0,0.0,0.0,0.0,0.0,0.0,0.0,0.0,0.0,0.0,0.0,0.0,0.0,0.0,0.021181716833890748,0.0,0.0,0.0,0.0,0.0,0.0,0.0,0.0,0.0,0.0,0.0,0.0,0.0,0.0
resfindernewid_5,0.0,0.0,0.0,0.0,0.0,0.0,0.0,0.0,0.4380664652567976,0.0,0.47368421052631576,0.0,0.0,0.0,0.0,0.0,0.0,0.0,0.0,0.04585152838427948,0.0,0.0,0.0,0.0,0.0,0.0,0.0,0.0,0.0,0.0,0.0,0.0,0.0,0.0,0.0,0.0,0.0,0.0,0.0,0.0,0.0,0.0,0.0,0.0,0.0,0.0,0.0,0.0,0.0,1.0,0.0,0.0,0.0,0.0,0.0,0.0,0.0,0.0,0.0,0.0,0.0,0.0,0.0,0.0,0.0,0.0,0.0,0.0,0.0,0.0,0.0,0.0,0.0,0.0,0.0,0.0,0.0,0.0,0.0,0.0,0.0,0.0,0.0,0.0,0.0,0.0,0.0,0.0,0.0,0.0,0.0,0.0,0.0,0.0,0.0,0.0,0.0,0.0,0.006362672322375398,0.0,0.0,0.0,0.0,0.0
resfindernewid_50,0.0,0.0067039106145251395,0.0,0.0,0.0,0.0,0.0,0.0,0.0,0.0,0.0,0.0,0.0,0.0,0.0,0.0,0.0,0.049255441008018326,0.0,0.0,0.0,0.0,0.0,0.0,0.0,0.0,0.0,0.0,0.0,0.0,0.0,0.0,0.0,0.0,0.0,0.0,0.0,0.0,0.0,0.7185741088180112,0.6654545454545454,0.7348484848484849,0.7185741088180112,0.7348484848484849,0.7185741088180112,0.7014652014652014,0.7751937984496124,0.7751937984496124,0.7751937984496124,0.0,1.0,0.7414448669201521,0.6807339449541284,0.7185741088180112,0.7185741088180112,0.7185741088180112,0.662431941923775,0.0,0.0,0.0,0.0,0.0,0.0,0.0,0.0,0.0,0.0,0.0,0.0,0.0,0.0,0.0,0.052873563218390804,0.052873563218390804,0.052873563218390804,0.0,0.0,0.0,0.0,0.0,0.0,0.0,0.0,0.0,0.0,0.0,0.0,0.0,0.0,0.025755879059350503,0.0,0.0,0.0,0.0,0.0,0.0,0.0,0.0,0.0,0.0,0.0,0.0,0.0,0.0
resfindernewid_51,0.0,0.0067039106145251395,0.0,0.0,0.0,0.0,0.0,0.0,0.0,0.0,0.0,0.0,0.0,0.0,0.0,0.0,0.0,0.049255441008018326,0.0,0.0,0.0,0.0,0.0,0.0,0.0,0.0,0.0,0.0,0.0,0.0,0.0,0.0,0.0,0.0,0.0,0.0,0.0,0.0,0.0,0.8617886178861789,0.7996070726915521,0.8809034907597536,0.8617886178861789,0.7581573896353166,0.7855750487329435,0.8396039603960396,0.9284210526315789,0.7996070726915521,0.7996070726915521,0.0,0.7414448669201521,1.0,0.7996070726915521,0.8617886178861789,0.8617886178861789,0.8617886178861789,0.796078431372549,0.0,0.0,0.0,0.0,0.0,0.0,0.0,0.0,0.0,0.0,0.0,0.0,0.0,0.0,0.0,0.052873563218390804,0.052873563218390804,0.052873563218390804,0.0,0.0,0.0,0.0,0.0,0.0,0.0,0.0,0.0,0.0,0.0,0.0,0.0,0.0,0.025755879059350503,0.0,0.0,0.0,0.0,0.0,0.0,0.0,0.0,0.0,0.0,0.0,0.0,0.0,0.0
resfindernewid_52,0.0,0.0067039106145251395,0.0,0.0,0.0,0.0,0.0,0.0,0.0,0.0,0.0,0.0,0.0,0.0,0.0,0.0,0.0,0.049255441008018326,0.0,0.0,0.0,0.0,0.0,0.0,0.0,0.0,0.0,0.0,0.0,0.0,0.0,0.0,0.0,0.0,0.0,0.0,0.0,0.0,0.0,0.7996070726915521,0.7414448669201521,0.8174603174603174,0.7996070726915521,0.7185741088180112,0.7447619047619047,0.7934362934362934,0.8617886178861789,0.7581573896353166,0.7581573896353166,0.0,0.6807339449541284,0.7996070726915521,1.0,0.7996070726915521,0.7996070726915521,0.7996070726915521,0.7381404174573055,0.0,0.0,0.0,0.0,0.0,0.0,0.0,0.0,0.0,0.0,0.0,0.0,0.0,0.0,0.0,0.052873563218390804,0.052873563218390804,0.052873563218390804,0.0,0.0,0.0,0.0,0.0,0.0,0.0,0.0,0.0,0.0,0.0,0.0,0.0,0.0,0.025755879059350503,0.0,0.0,0.0,0.0,0.0,0.0,0.0,0.0,0.0,0.0,0.0,0.0,0.0,0.0
resfindernewid_53,0.0,0.0067039106145251395,0.0,0.0,0.0,0.0,0.0,0.0,0.0,0.0,0.0,0.0,0.0,0.0,0.0,0.0,0.0,0.04805491990846682,0.0,0.0,0.0,0.0,0.0,0.0,0.0,0.0,0.0,0.0,0.0,0.0,0.0,0.0,0.0,0.0,0.0,0.0,0.0,0.0,0.0,0.8617886178861789,0.7996070726915521,0.8809034907597536,0.8617886178861789,0.7581573896353166,0.7855750487329435,0.8396039603960396,0.9284210526315789,0.7996070726915521,0.7996070726915521,0.0,0.7185741088180112,0.8617886178861789,0.7996070726915521,1.0,0.8617886178861789,0.8617886178861789,0.796078431372549,0.0,0.0,0.0,0.0,0.0,0.0,0.0,0.0,0.0,0.0,0.0,0.0,0.0,0.0,0.0,0.05166475315729047,0.05166475315729047,0.05166475315729047,0.0,0.0,0.0,0.0,0.0,0.0,0.0,0.0,0.0,0.0,0.0,0.0,0.0,0.0,0.025755879059350503,0.0,0.0,0.0,0.0,0.0,0.0,0.0,0.0,0.0,0.0,0.0,0.0,0.0,0.0
resfindernewid_54,0.0,0.0067039106145251395,0.0,0.0,0.0,0.0,0.0,0.0,0.0,0.0,0.0,0.0,0.0,0.0,0.0,0.0,0.0,0.049255441008018326,0.0,0.0,0.0,0.0,0.0,0.0,0.0,0.0,0.0,0.0,0.0,0.0,0.0,0.0,0.0,0.0,0.0,0.0,0.0,0.0,0.0,0.9284210526315789,0.7996070726915521,0.8809034907597536,0.9123173277661796,0.7581573896353166,0.8210735586481114,0.8542914171656687,0.9284210526315789,0.832,0.7996070726915521,0.0,0.7185741088180112,0.8617886178861789,0.7996070726915521,0.8617886178861789,1.0,0.8617886178861789,0.796078431372549,0.0,0.0,0.0,0.0,0.0,0.0,0.0,0.0,0.0,0.0,0.0,0.0,0.0,0.0,0.0,0.052873563218390804,0.052873563218390804,0.052873563218390804,0.0,0.0,0.0,0.0,0.0,0.0,0.0,0.0,0.0,0.0,0.0,0.0,0.0,0.0,0.025755879059350503,0.0,0.0,0.0,0.0,0.0,0.0,0.0,0.0,0.0,0.0,0.0,0.0,0.0,0.0
resfindernewid_55,0.0,0.0067039106145251395,0.0,0.0,0.0,0.0,0.0,0.0,0.0,0.0,0.0,0.0,0.0,0.0,0.0,0.0,0.0,0.049255441008018326,0.0,0.0,0.0,0.0,0.0,0.0,0.0,0.0,0.0,0.0,0.0,0.0,0.0,0.0,0.0,0.0,0.0,0.0,0.0,0.0,0.0,0.8617886178861789,0.832,0.8809034907597536,0.8617886178861789,0.7581573896353166,0.7855750487329435,0.8396039603960396,0.9284210526315789,0.7996070726915521,0.8138613861386138,0.0,0.7185741088180112,0.8617886178861789,0.7996070726915521,0.8617886178861789,0.8617886178861789,1.0,0.796078431372549,0.0,0.0,0.0,0.0,0.0,0.0,0.0,0.0,0.0,0.0,0.0,0.0,0.0,0.0,0.0,0.052873563218390804,0.052873563218390804,0.052873563218390804,0.0,0.0,0.0,0.0,0.0,0.0,0.0,0.0,0.0,0.0,0.0,0.0,0.0,0.0,0.02346368715083799,0.0,0.0,0.0,0.0,0.0,0.0,0.0,0.0,0.0,0.0,0.0,0.0,0.0,0.0
resfindernewid_56,0.0,0.004459308807134894,0.0,0.0,0.0,0.0,0.0,0.0,0.0,0.0,0.0,0.0,0.0,0.0,0.0,0.0,0.0,0.028058361391694726,0.0,0.0,0.0,0.0,0.0,0.0,0.0,0.0,0.0,0.0,0.0,0.0,0.0,0.0,0.0,0.0,0.0,0.0,0.0,0.0,0.0,0.796078431372549,0.7381404174573055,0.8467741935483871,0.796078431372549,0.7547892720306514,0.7250470809792844,0.7762906309751434,0.8580121703853956,0.7381404174573055,0.7381404174573055,0.0,0.662431941923775,0.796078431372549,0.7381404174573055,0.796078431372549,0.796078431372549,0.796078431372549,1.0,0.0,0.0,0.0,0.0,0.0,0.0,0.0,0.0,0.0,0.0,0.0,0.0,0.0,0.0,0.0,0.03153153153153153,0.03153153153153153,0.03153153153153153,0.0,0.0,0.0,0.0,0.0,0.0,0.0,0.0,0.0,0.0,0.0,0.0,0.0,0.0,0.025755879059350503,0.0,0.0,0.0,0.0,0.0,0.0,0.0,0.0,0.0,0.0,0.0,0.0,0.0,0.0
resfindernewid_57,0.0,0.0,0.0,0.0,0.0,0.0,0.0,0.0,0.0,0.0,0.0,0.0,0.0,0.0,0.020105820105820106,0.0,0.0,0.0,0.020105820105820106,0.0,0.0,0.0,0.0,0.0,0.0,0.0,0.0,0.0,0.0,0.0,0.0,0.0,0.022269353128313893,0.0,0.0,0.0,0.0,0.0,0.0,0.0,0.0,0.0,0.0,0.0,0.0,0.0,0.0,0.0,0.0,0.0,0.0,0.0,0.0,0.0,0.0,0.0,0.0,1.0,0.5907590759075908,0.5399361022364217,0.0,0.7001763668430335,0.7092198581560284,0.6506849315068494,0.6506849315068494,0.7527272727272727,0.7001763668430335,0.7001763668430335,0.0,0.0,0.0,0.0,0.0,0.0,0.0,0.0,0.0,0.0,0.022269353128313893,0.029914529914529916,0.022269353128313893,0.013669821240799159,0.0,0.0,0.0,0.0,0.0,0.0,0.0,0.0,0.0,0.0,0.0,0.0,0.0,0.0,0.0,0.0,0.0,0.0,0.0,0.0,0.0,0.0
resfindernewid_58,0.0,0.0,0.0,0.0,0.0,0.0,0.0,0.0,0.0,0.0,0.0,0.0,0.0,0.0,0.03655913978494624,0.0,0.0,0.0,0.03655913978494624,0.0,0.0,0.0,0.0,0.0,0.0,0.0,0.0,0.0,0.0,0.0,0.0,0.0,0.04782608695652174,0.0,0.0,0.0,0.0,0.0,0.0,0.0,0.0,0.0,0.0,0.0,0.0,0.0,0.0,0.0,0.0,0.0,0.0,0.0,0.0,0.0,0.0,0.0,0.0,0.5907590759075908,1.0,0.567479674796748,0.0,0.7001763668430335,0.6942003514938488,0.6971830985915493,0.6506849315068494,0.7527272727272727,0.7122557726465364,0.7001763668430335,0.0,0.0,0.0,0.0,0.0,0.0,0.0,0.0,0.0,0.0,0.04782608695652174,0.05470459518599562,0.04668838219326819,0.03767491926803014,0.0,0.0,0.0,0.0,0.0,0.0,0.0,0.0,0.0,0.0,0.0,0.0,0.0,0.0,0.0,0.0,0.0,0.0,0.0,0.0,0.0,0.0
resfindernewid_59,0.0,0.0,0.0,0.0,0.0,0.0,0.0,0.0,0.0,0.0,0.0,0.0,0.0,0.0,0.034334763948497854,0.0,0.0,0.0,0.034334763948497854,0.0,0.0,0.0,0.0,0.0,0.0,0.0,0.0,0.0,0.0,0.0,0.0,0.0,0.04329004329004329,0.0,0.0,0.0,0.0,0.0,0.0,0.0,0.0,0.0,0.0,0.0,0.0,0.0,0.0,0.0,0.0,0.0,0.0,0.0,0.0,0.0,0.0,0.0,0.0,0.5399361022364217,0.567479674796748,1.0,0.0,0.6794425087108014,0.6707105719237435,0.6283783783783784,0.6283783783783784,0.7275985663082437,0.6765217391304348,0.6765217391304348,0.0,0.0,0.0,0.0,0.0,0.0,0.0,0.0,0.0,0.0,0.04329004329004329,0.05010893246187364,0.04216216216216216,0.03322615219721329,0.0,0.0,0.0,0.0,0.0,0.0,0.0,0.0,0.0,0.0,0.0,0.0,0.0,0.0,0.0,0.0,0.0,0.0,0.0,0.0,0.0,0.0
resfindernewid_6,0.0,0.0,0.0,0.0,0.0,0.0,0.0,0.0,0.0,0.0,0.0,0.0,0.0,0.0,0.0,0.0,0.0,0.0,0.0,0.0,0.0,0.0,0.0,0.0,0.0,0.0,0.0,0.0,0.0,0.0,0.0,0.0,0.0,0.0,0.0,0.0,0.0,0.0,0.0,0.0,0.0,0.0,0.0,0.0,0.0,0.0,0.0,0.0,0.0,0.0,0.0,0.0,0.0,0.0,0.0,0.0,0.0,0.0,0.0,0.0,1.0,0.0,0.0,0.0,0.0,0.0,0.0,0.0,0.0,0.0,0.0,0.0,0.0,0.0,0.0,0.0,0.0,0.0,0.0,0.0,0.0,0.0,0.0,0.0,0.0,0.0,0.0,0.0,0.0,0.0,0.0,0.0,0.0,0.0,0.0,0.0,0.0,0.0,0.0,0.0,0.0,0.0,0.0,0.0
resfindernewid_60,0.0,0.0,0.0,0.0,0.0,0.0,0.0,0.0,0.0,0.0,0.0,0.0,0.0,0.0,0.03655913978494624,0.0,0.0,0.0,0.03655913978494624,0.0,0.0,0.0,0.0,0.0,0.0,0.0,0.0,0.0,0.0,0.0,0.0,0.0,0.04782608695652174,0.0,0.0,0.0,0.0,0.0,0.0,0.0,0.0,0.0,0.0,0.0,0.0,0.0,0.0,0.0,0.0,0.0,0.0,0.0,0.0,0.0,0.0,0.0,0.0,0.7001763668430335,0.7001763668430335,0.6794425087108014,0.0,1.0,0.8682170542635659,0.8086303939962477,0.8086303939962477,0.9318637274549099,0.8682170542635659,0.8682170542635659,0.0,0.0,0.0,0.0,0.0,0.0,0.0,0.0,0.0,0.0,0.04782608695652174,0.05470459518599562,0.04668838219326819,0.03767491926803014,0.0,0.0,0.0,0.0,0.0,0.0,0.0,0.0,0.0,0.0,0.0,0.0,0.0,0.0,0.0,0.0,0.0,0.0,0.0,0.0,0.0,0.0
resfindernewid_61,0.0,0.0,0.0,0.0,0.0,0.0,0.0,0.0,0.0,0.0,0.0,0.0,0.0,0.0,0.03322615219721329,0.0,0.0,0.0,0.03322615219721329,0.0,0.0,0.0,0.0,0.0,0.0,0.0,0.0,0.0,0.0,0.0,0.0,0.0,0.044420368364030335,0.0,0.0,0.0,0.0,0.0,0.0,0.0,0.0,0.0,0.0,0.0,0.0,0.0,0.0,0.0,0.0,0.0,0.0,0.0,0.0,0.0,0.0,0.0,0.0,0.7092198581560284,0.6942003514938488,0.6707105719237435,0.0,0.8682170542635659,1.0,0.8018691588785046,0.8018691588785046,0.9241516966067864,0.861003861003861,0.861003861003861,0.0,0.0,0.0,0.0,0.0,0.0,0.0,0.0,0.0,0.0,0.044420368364030335,0.05125408942202835,0.04329004329004329,0.034334763948497854,0.0,0.0,0.0,0.0,0.0,0.0,0.0,0.0,0.0,0.0,0.0,0.0,0.0,0.0,0.0,0.0,0.0,0.0,0.0,0.0,0.0,0.0
resfindernewid_62,0.0,0.0,0.0,0.0,0.0,0.0,0.0,0.0,0.0,0.0,0.0,0.0,0.0,0.0,0.0288153681963714,0.0,0.0,0.0,0.0288153681963714,0.0,0.0,0.0,0.0,0.0,0.0,0.0,0.0,0.0,0.0,0.0,0.0,0.0,0.04782608695652174,0.0,0.0,0.0,0.0,0.0,0.0,0.0,0.0,0.0,0.0,0.0,0.0,0.0,0.0,0.0,0.0,0.0,0.0,0.0,0.0,0.0,0.0,0.0,0.0,0.6506849315068494,0.6971830985915493,0.6283783783783784,0.0,0.8086303939962477,0.8018691588785046,1.0,0.7527272727272727,0.8682170542635659,0.8086303939962477,0.861003861003861,0.0,0.0,0.0,0.0,0.0,0.0,0.0,0.0,0.0,0.0,0.04782608695652174,0.04668838219326819,0.04668838219326819,0.03767491926803014,0.0,0.0,0.0,0.0,0.0,0.0,0.0,0.0,0.0,0.0,0.0,0.0,0.0,0.0,0.0,0.0,0.0,0.0,0.0,0.0,0.0,0.0
resfindernewid_63,0.0,0.0,0.0,0.0,0.0,0.0,0.0,0.0,0.0,0.0,0.0,0.0,0.0,0.0,0.03655913978494624,0.0,0.0,0.0,0.03655913978494624,0.0,0.0,0.0,0.0,0.0,0.0,0.0,0.0,0.0,0.0,0.0,0.0,0.0,0.04782608695652174,0.0,0.0,0.0,0.0,0.0,0.0,0.0,0.0,0.0,0.0,0.0,0.0,0.0,0.0,0.0,0.0,0.0,0.0,0.0,0.0,0.0,0.0,0.0,0.0,0.6506849315068494,0.6506849315068494,0.6283783783783784,0.0,0.8086303939962477,0.8018691588785046,0.7527272727272727,1.0,0.8682170542635659,0.8086303939962477,0.8086303939962477,0.0,0.0,0.0,0.0,0.0,0.0,0.0,0.0,0.0,0.0,0.04782608695652174,0.05470459518599562,0.04668838219326819,0.03767491926803014,0.0,0.0,0.0,0.0,0.0,0.0,0.0,0.0,0.0,0.0,0.0,0.0,0.0,0.0,0.0,0.0,0.0,0.0,0.0,0.0,0.0,0.0
resfindernewid_64,0.0,0.0,0.0,0.0,0.0,0.0,0.0,0.0,0.0,0.0,0.0,0.0,0.0,0.0,0.03655913978494624,0.0,0.0,0.0,0.03655913978494624,0.0,0.0,0.0,0.0,0.0,0.0,0.0,0.0,0.0,0.0,0.0,0.0,0.0,0.04782608695652174,0.0,0.0,0.0,0.0,0.0,0.0,0.0,0.0,0.0,0.0,0.0,0.0,0.0,0.0,0.0,0.0,0.0,0.0,0.0,0.0,0.0,0.0,0.0,0.0,0.7527272727272727,0.7527272727272727,0.7275985663082437,0.0,0.9318637274549099,0.9241516966067864,0.8682170542635659,0.8682170542635659,1.0,0.9318637274549099,0.9318637274549099,0.0,0.0,0.0,0.0,0.0,0.0,0.0,0.0,0.0,0.0,0.04782608695652174,0.05470459518599562,0.04668838219326819,0.03767491926803014,0.0,0.0,0.0,0.0,0.0,0.0,0.0,0.0,0.0,0.0,0.0,0.0,0.0,0.0,0.0,0.0,0.0,0.0,0.0,0.0,0.0,0.0
resfindernewid_65,0.0,0.0,0.0,0.0,0.0,0.0,0.0,0.0,0.0,0.0,0.0,0.0,0.0,0.0,0.03655913978494624,0.0,0.0,0.0,0.03655913978494624,0.0,0.0,0.0,0.0,0.0,0.0,0.0,0.0,0.0,0.0,0.0,0.0,0.0,0.04782608695652174,0.0,0.0,0.0,0.0,0.0,0.0,0.0,0.0,0.0,0.0,0.0,0.0,0.0,0.0,0.0,0.0,0.0,0.0,0.0,0.0,0.0,0.0,0.0,0.0,0.7001763668430335,0.7122557726465364,0.6765217391304348,0.0,0.8682170542635659,0.861003861003861,0.8086303939962477,0.8086303939962477,0.9318637274549099,1.0,0.8682170542635659,0.0,0.0,0.0,0.0,0.0,0.0,0.0,0.0,0.0,0.0,0.04782608695652174,0.05470459518599562,0.04668838219326819,0.03767491926803014,0.0,0.0,0.0,0.0,0.0,0.0,0.0,0.0,0.0,0.0,0.0,0.0,0.0,0.0,0.0,0.0,0.0,0.0,0.0,0.0,0.0,0.0
resfindernewid_66,0.0,0.0,0.0,0.0,0.0,0.0,0.0,0.0,0.0,0.0,0.0,0.0,0.0,0.0,0.0288153681963714,0.0,0.0,0.0,0.0288153681963714,0.0,0.0,0.0,0.0,0.0,0.0,0.0,0.0,0.0,0.0,0.0,0.0,0.0,0.04782608695652174,0.0,0.0,0.0,0.0,0.0,0.0,0.0,0.0,0.0,0.0,0.0,0.0,0.0,0.0,0.0,0.0,0.0,0.0,0.0,0.0,0.0,0.0,0.0,0.0,0.7001763668430335,0.7001763668430335,0.6765217391304348,0.0,0.8682170542635659,0.861003861003861,0.861003861003861,0.8086303939962477,0.9318637274549099,0.8682170542635659,1.0,0.0,0.0,0.0,0.0,0.0,0.0,0.0,0.0,0.0,0.0,0.04782608695652174,0.04668838219326819,0.04668838219326819,0.03767491926803014,0.0,0.0,0.0,0.0,0.0,0.0,0.0,0.0,0.0,0.0,0.0,0.0,0.0,0.0,0.0,0.0,0.0,0.0,0.0,0.0,0.0,0.0
resfindernewid_67,0.0,0.015783540022547914,0.0,0.0,0.0,0.0,0.0,0.0,0.0,0.0,0.0,0.0,0.0,0.0,0.0,0.0,0.0,0.0,0.0,0.0,0.0,0.0,0.0,0.06884480746791131,0.0,0.0,0.7996070726915521,0.0,0.0,0.0,0.0,0.002188183807439825,0.0,0.0,0.0,0.0,0.0,0.0,0.0738569753810082,0.0,0.0,0.0,0.0,0.0,0.0,0.0,0.0,0.0,0.0,0.0,0.0,0.0,0.0,0.0,0.0,0.0,0.0,0.0,0.0,0.0,0.0,0.0,0.0,0.0,0.0,0.0,0.0,0.0,1.0,0.7581573896353166,0.9284210526315789,0.0,0.0,0.0,0.0,0.0,0.0,0.0,0.0,0.0,0.0,0.0,0.0,0.0,0.06141367323290846,0.06141367323290846,0.06884480746791131,0.0,0.0,0.0,0.0,0.0,0.0,0.846307385229541,0.0,0.0,0.0,0.0,0.0,0.0,0.0,0.0,0.0,0.0
resfindernewid_68,0.0,0.015783540022547914,0.0,0.0,0.0,0.0,0.0,0.0,0.0,0.0,0.0,0.0,0.0,0.0,0.0,0.0,0.0,0.0,0.0,0.0,0.0,0.0,0.0,0.06141367323290846,0.0,0.0,0.9203354297693921,0.0,0.0,0.0,0.0,0.001092896174863388,0.0,0.0,0.0,0.0,0.0,0.0,0.06635622817229336,0.0,0.0,0.0,0.0,0.0,0.0,0.0,0.0,0.0,0.0,0.0,0.0,0.0,0.0,0.0,0.0,0.0,0.0,0.0,0.0,0.0,0.0,0.0,0.0,0.0,0.0,0.0,0.0,0.0,0.7581573896353166,1.0,0.7925636007827789,0.0,0.0,0.0,0.0,0.0,0.0,0.0,0.0,0.0,0.0,0.0,0.0,0.0,0.05408515535097814,0.05408515535097814,0.06141367323290846,0.0,0.0,0.0,0.0,0.0,0.0,0.7720306513409961,0.0,0.0,0.0,0.0,0.0,0.0,0.0,0.0,0.0,0.0
resfindernewid_69,0.0,0.015783540022547914,0.0,0.0,0.0,0.0,0.0,0.0,0.0,0.0,0.0,0.0,0.0,0.0,0.0,0.0,0.0,0.0,0.0,0.0,0.0,0.0,0.0,0.06884480746791131,0.0,0.0,0.8617886178861789,0.0,0.0,0.0,0.0,0.002188183807439825,0.0,0.0,0.0,0.0,0.0,0.0,0.0738569753810082,0.0,0.0,0.0,0.0,0.0,0.0,0.0,0.0,0.0,0.0,0.0,0.0,0.0,0.0,0.0,0.0,0.0,0.0,0.0,0.0,0.0,0.0,0.0,0.0,0.0,0.0,0.0,0.0,0.0,0.9284210526315789,0.7925636007827789,1.0,0.0,0.0,0.0,0.0,0.0,0.0,0.0,0.0,0.0,0.0,0.0,0.0,0.0,0.06141367323290846,0.06141367323290846,0.06884480746791131,0.0,0.0,0.0,0.0,0.0,0.0,0.9111570247933884,0.0,0.0,0.0,0.0,0.0,0.0,0.0,0.0,0.0,0.0
resfindernewid_7,0.0,0.0011111111111111111,0.9284210526315789,0.9284210526315789,0.9284210526315789,0.9284210526315789,0.9284210526315789,0.0,0.0,0.0,0.0,0.0,0.0,0.0,0.0,0.0,0.0,0.0,0.0,0.0,0.0,0.0,0.0,0.0,0.0,0.0,0.0,0.0,0.0,0.0,0.0,0.12530712530712532,0.0,0.0,0.0,0.0,0.0,0.0,0.0,0.0,0.0,0.0,0.0,0.0,0.0,0.0,0.0,0.0,0.0,0.0,0.0,0.0,0.0,0.0,0.0,0.0,0.0,0.0,0.0,0.0,0.0,0.0,0.0,0.0,0.0,0.0,0.0,0.0,0.0,0.0,0.0,1.0,0.0,0.0,0.0,0.001092896174863388,0.001092896174863388,0.001092896174863388,0.0,0.0,0.0,0.0,0.0,0.007717750826901874,0.0,0.0,0.0,0.0,0.10761789600967352,0.09177592371871275,0.089179548156956,0.09832134292565947,0.09642470205850487,0.0,0.0,0.0,0.0,0.0,0.0,0.9284210526315789,0.9284210526315789,0.8617886178861789,0.9365750528541226,0.8693877551020408
resfindernewid_70,0.0,0.005580357142857143,0.0,0.0,0.0,0.0,0.0,0.0,0.0,0.0,0.0,0.0,0.0,0.0,0.0,0.0,0.0,0.8732106339468303,0.0,0.0,0.0043859649122807015,0.0,0.0,0.0,0.0,0.0,0.0,0.001092896174863388,0.01327433628318584,0.0,0.0,0.0,0.0,0.0,0.0,0.0,0.0,0.0,0.0043859649122807015,0.052873563218390804,0.052873563218390804,0.03854875283446712,0.052873563218390804,0.02346368715083799,0.052873563218390804,0.05328798185941043,0.052873563218390804,0.052873563218390804,0.052873563218390804,0.0,0.052873563218390804,0.052873563218390804,0.052873563218390804,0.05166475315729047,0.052873563218390804,0.052873563218390804,0.03153153153153153,0.0,0.0,0.0,0.0,0.0,0.0,0.0,0.0,0.0,0.0,0.0,0.0,0.0,0.0,0.0,1.0,0.8617886178861789,0.7315689981096408,0.01327433628318584,0.01327433628318584,0.01327433628318584,0.0,0.0,0.0,0.0,0.0,0.005500550055005501,0.0,0.0,0.0,0.001092896174863388,0.0,0.007700770077007701,0.0,0.0,0.0,0.0,0.0,0.0,0.0,0.0,0.0,0.0,0.0,0.0,0.0,0.0
resfindernewid_71,0.0,0.005580357142857143,0.0,0.0,0.0,0.0,0.0,0.0,0.0,0.0,0.0,0.0,0.0,0.0,0.0,0.0,0.0,0.751434034416826,0.0,0.0,0.0043859649122807015,0.0,0.0,0.0,0.0,0.0,0.0,0.001092896174863388,0.01327433628318584,0.0,0.0,0.0,0.0,0.0,0.0,0.0,0.0,0.0,0.0043859649122807015,0.052873563218390804,0.052873563218390804,0.03854875283446712,0.052873563218390804,0.02346368715083799,0.052873563218390804,0.05328798185941043,0.052873563218390804,0.052873563218390804,0.052873563218390804,0.0,0.052873563218390804,0.052873563218390804,0.052873563218390804,0.05166475315729047,0.052873563218390804,0.052873563218390804,0.03153153153153153,0.0,0.0,0.0,0.0,0.0,0.0,0.0,0.0,0.0,0.0,0.0,0.0,0.0,0.0,0.0,0.8617886178861789,1.0,0.8505050505050505,0.01327433628318584,0.01327433628318584,0.01327433628318584,0.0,0.0,0.0,0.0,0.0,0.005500550055005501,0.0,0.0,0.0,0.001092896174863388,0.0,0.007700770077007701,0.0,0.0,0.0,0.0,0.0,0.0,0.0,0.0,0.0,0.0,0.0,0.0,0.0,0.0
resfindernewid_72,0.0,0.005580357142857143,0.0,0.0,0.0,0.0,0.0,0.0,0.0,0.0,0.0,0.0,0.0,0.0,0.0,0.0,0.0,0.6357142857142857,0.0,0.0,0.0043859649122807015,0.0,0.0,0.0,0.0,0.0,0.0,0.001092896174863388,0.012154696132596685,0.0,0.0,0.0,0.0,0.0,0.0,0.0,0.0,0.0,0.0043859649122807015,0.052873563218390804,0.052873563218390804,0.03854875283446712,0.052873563218390804,0.02346368715083799,0.052873563218390804,0.05328798185941043,0.052873563218390804,0.052873563218390804,0.052873563218390804,0.0,0.052873563218390804,0.052873563218390804,0.052873563218390804,0.05166475315729047,0.052873563218390804,0.052873563218390804,0.03153153153153153,0.0,0.0,0.0,0.0,0.0,0.0,0.0,0.0,0.0,0.0,0.0,0.0,0.0,0.0,0.0,0.7315689981096408,0.8505050505050505,1.0,0.012154696132596685,0.012154696132596685,0.012154696132596685,0.0,0.0,0.0,0.0,0.0,0.0,0.0,0.0,0.0,0.001092896174863388,0.0,0.007700770077007701,0.0,0.0,0.0,0.0,0.0,0.0,0.0,0.0,0.0,0.0,0.0,0.0,0.0,0.0
resfindernewid_73,0.0,0.002224694104560623,0.001092896174863388,0.001092896174863388,0.001092896174863388,0.001092896174863388,0.001092896174863388,0.0,0.0,0.0,0.0,0.0,0.0,0.0,0.0,0.0,0.0,0.01327433628318584,0.0,0.0,0.007700770077007701,0.0,0.0,0.0,0.0,0.0,0.0,0.0043859649122807015,0.8283433133732535,0.0,0.0,0.0,0.0,0.0,0.0,0.0,0.0,0.0,0.0,0.0,0.0,0.0,0.0,0.0,0.0,0.0,0.0,0.0,0.0,0.0,0.0,0.0,0.0,0.0,0.0,0.0,0.0,0.0,0.0,0.0,0.0,0.0,0.0,0.0,0.0,0.0,0.0,0.0,0.0,0.0,0.0,0.001092896174863388,0.01327433628318584,0.01327433628318584,0.012154696132596685,1.0,0.8617886178861789,0.9284210526315789,0.0,0.0,0.0,0.0,0.0,0.003293084522502744,0.0,0.0,0.0,0.0043859649122807015,0.0,0.0,0.0,0.0,0.0,0.0,0.0,0.0,0.0,0.0,0.0,0.001092896174863388,0.001092896174863388,0.001092896174863388,0.001092896174863388,0.001092896174863388
resfindernewid_74,0.0,0.002224694104560623,0.001092896174863388,0.001092896174863388,0.001092896174863388,0.001092896174863388,0.001092896174863388,0.0,0.0,0.0,0.0,0.0,0.0,0.0,0.0,0.0,0.0,0.01327433628318584,0.0,0.0,0.006593406593406593,0.0,0.0,0.0,0.0,0.0,0.0,0.0032858707557502738,0.7121495327102804,0.0,0.0,0.0,0.0,0.0,0.0,0.0,0.0,0.0,0.0,0.0,0.0,0.0,0.0,0.0,0.0,0.0,0.0,0.0,0.0,0.0,0.0,0.0,0.0,0.0,0.0,0.0,0.0,0.0,0.0,0.0,0.0,0.0,0.0,0.0,0.0,0.0,0.0,0.0,0.0,0.0,0.0,0.001092896174863388,0.01327433628318584,0.01327433628318584,0.012154696132596685,0.8617886178861789,1.0,0.8210735586481114,0.0,0.0,0.0,0.0,0.0,0.003293084522502744,0.0,0.0,0.0,0.0032858707557502738,0.0,0.0,0.0,0.0,0.0,0.0,0.0,0.0,0.0,0.0,0.0,0.001092896174863388,0.001092896174863388,0.001092896174863388,0.001092896174863388,0.001092896174863388
resfindernewid_75,0.0,0.002224694104560623,0.001092896174863388,0.001092896174863388,0.001092896174863388,0.001092896174863388,0.001092896174863388,0.0,0.0,0.0,0.0,0.0,0.0,0.0,0.0,0.0,0.0,0.01327433628318584,0.0,0.0,0.007700770077007701,0.0,0.0,0.0,0.0,0.0,0.0,0.0043859649122807015,0.7683397683397684,0.0,0.0,0.0,0.0,0.0,0.0,0.0,0.0,0.0,0.0,0.0,0.0,0.0,0.0,0.0,0.0,0.0,0.0,0.0,0.0,0.0,0.0,0.0,0.0,0.0,0.0,0.0,0.0,0.0,0.0,0.0,0.0,0.0,0.0,0.0,0.0,0.0,0.0,0.0,0.0,0.0,0.0,0.001092896174863388,0.01327433628318584,0.01327433628318584,0.012154696132596685,0.9284210526315789,0.8210735586481114,1.0,0.0,0.0,0.0,0.0,0.0,0.003293084522502744,0.0,0.0,0.0,0.0043859649122807015,0.0,0.0,0.0,0.0,0.0,0.0,0.0,0.0,0.0,0.0,0.0,0.001092896174863388,0.001092896174863388,0.001092896174863388,0.001092896174863388,0.001092896174863388
resfindernewid_76,0.0,0.0,0.0,0.0,0.0,0.0,0.0,0.0,0.0,0.0,0.0,0.0,0.0,0.0,0.19306930693069307,0.0,0.0,0.0,0.17704517704517705,0.0,0.0,0.0,0.0,0.0,0.0,0.0,0.0,0.0,0.0,0.0,0.0,0.0,0.8682170542635659,0.0,0.0,0.0,0.0,0.0,0.0,0.0,0.0,0.0,0.0,0.0,0.0,0.0,0.0,0.0,0.0,0.0,0.0,0.0,0.0,0.0,0.0,0.0,0.0,0.022269353128313893,0.04782608695652174,0.04329004329004329,0.0,0.04782608695652174,0.044420368364030335,0.04782608695652174,0.04782608695652174,0.04782608695652174,0.04782608695652174,0.04782608695652174,0.0,0.0,0.0,0.0,0.0,0.0,0.0,0.0,0.0,0.0,1.0,0.297442799461642,0.4218289085545723,0.3930635838150289,0.0,0.0,0.0,0.0,0.0,0.0,0.0010649627263045794,0.0,0.0010649627263045794,0.0010649627263045794,0.0,0.0,0.0,0.0,0.0,0.0,0.0,0.0,0.0,0.0,0.0,0.0
resfindernewid_77,0.0,0.0,0.0,0.0,0.0,0.0,0.0,0.0,0.0,0.0,0.0,0.0,0.0,0.0,0.2141057934508816,0.0,0.0,0.0,0.18427518427518427,0.0,0.0,0.0,0.0,0.0,0.0,0.0,0.0,0.0,0.0,0.0,0.0,0.0,0.3027027027027027,0.0,0.0,0.0,0.0,0.0,0.0,0.0,0.0,0.0,0.0,0.0,0.0,0.0,0.0,0.0,0.0,0.0,0.0,0.0,0.0,0.0,0.0,0.0,0.0,0.029914529914529916,0.05470459518599562,0.05010893246187364,0.0,0.05470459518599562,0.05125408942202835,0.04668838219326819,0.05470459518599562,0.05470459518599562,0.05470459518599562,0.04668838219326819,0.0,0.0,0.0,0.0,0.0,0.0,0.0,0.0,0.0,0.0,0.297442799461642,1.0,0.34825174825174826,0.31693989071038253,0.0,0.0,0.0,0.0,0.0,0.0,0.0,0.0,0.0,0.0,0.0,0.0,0.0,0.0,0.0,0.0,0.0,0.0,0.0,0.0,0.0,0.0
resfindernewid_78,0.0,0.0,0.0,0.0,0.0,0.0,0.0,0.0,0.0,0.0,0.0,0.0,0.0,0.0,0.18282208588957055,0.0,0.0,0.0,0.16707021791767554,0.0,0.0,0.0,0.0,0.0,0.0,0.0,0.0,0.0,0.0,0.0,0.0,0.0,0.4583963691376702,0.0,0.0,0.0,0.0,0.0,0.0,0.0,0.0,0.0,0.0,0.0,0.0,0.0,0.0,0.0,0.0,0.0,0.0,0.0,0.0,0.0,0.0,0.0,0.0,0.022269353128313893,0.04668838219326819,0.04216216216216216,0.0,0.04668838219326819,0.04329004329004329,0.04668838219326819,0.04668838219326819,0.04668838219326819,0.04668838219326819,0.04668838219326819,0.0,0.0,0.0,0.0,0.0,0.0,0.0,0.0,0.0,0.0,0.4218289085545723,0.34825174825174826,1.0,0.9318637274549099,0.0,0.0,0.0,0.0,0.0,0.0,0.0,0.0,0.0,0.0,0.0,0.0,0.0,0.0,0.0,0.0,0.0,0.0,0.0,0.0,0.0,0.0
resfindernewid_79,0.0,0.0,0.0,0.0,0.0,0.0,0.0,0.0,0.0,0.0,0.0,0.0,0.0,0.0,0.16004813477737664,0.0,0.0,0.0,0.14489311163895488,0.0,0.0,0.0,0.0,0.0,0.0,0.0,0.0,0.0,0.0,0.0,0.0,0.0,0.42814814814814817,0.0,0.0,0.0,0.0,0.0,0.0,0.0,0.0,0.0,0.0,0.0,0.0,0.0,0.0,0.0,0.0,0.0,0.0,0.0,0.0,0.0,0.0,0.0,0.0,0.013669821240799159,0.03767491926803014,0.03322615219721329,0.0,0.03767491926803014,0.034334763948497854,0.03767491926803014,0.03767491926803014,0.03767491926803014,0.03767491926803014,0.03767491926803014,0.0,0.0,0.0,0.0,0.0,0.0,0.0,0.0,0.0,0.0,0.3930635838150289,0.31693989071038253,0.9318637274549099,1.0,0.0,0.0,0.0,0.0,0.0,0.0,0.0,0.0,0.0,0.0,0.0,0.0,0.0,0.0,0.0,0.0,0.0,0.0,0.0,0.0,0.0,0.0
resfindernewid_8,0.0,0.0,0.0,0.0,0.0,0.0,0.0,0.0,0.0,0.0,0.0,0.0091324200913242,0.0091324200913242,0.0,0.0,0.0,0.0,0.0,0.0,0.0,0.0,0.0,0.0,0.0,0.0,0.0,0.0,0.0,0.0,0.0,0.0,0.0,0.0,0.011441647597254004,0.0,0.0,0.025522041763341066,0.0,0.0,0.0,0.0,0.0,0.0,0.0,0.0,0.0,0.0,0.0,0.0,0.0,0.0,0.0,0.0,0.0,0.0,0.0,0.0,0.0,0.0,0.0,0.0,0.0,0.0,0.0,0.0,0.0,0.0,0.0,0.0,0.0,0.0,0.0,0.0,0.0,0.0,0.0,0.0,0.0,0.0,0.0,0.0,0.0,1.0,0.0,0.0,0.0,0.0,0.0,0.0,0.0,0.0,0.0,0.0,0.0,0.0,0.6131386861313869,0.0091324200913242,0.0091324200913242,0.0,0.0,0.0,0.0,0.0,0.0
resfindernewid_80,0.0,0.0,0.007717750826901874,0.007717750826901874,0.007717750826901874,0.007717750826901874,0.007717750826901874,0.0,0.0,0.0,0.0,0.0,0.0,0.0,0.0,0.0,0.0,0.005500550055005501,0.0,0.0,0.0,0.0,0.0,0.001095290251916758,0.0,0.0,0.0,0.0,0.003293084522502744,0.0,0.0,0.001095290251916758,0.0,0.0,0.0,0.0,0.0,0.0,0.0,0.0,0.0,0.0,0.0,0.0,0.0,0.0,0.0,0.0,0.0,0.0,0.0,0.0,0.0,0.0,0.0,0.0,0.0,0.0,0.0,0.0,0.0,0.0,0.0,0.0,0.0,0.0,0.0,0.0,0.0,0.0,0.0,0.007717750826901874,0.005500550055005501,0.005500550055005501,0.0,0.003293084522502744,0.003293084522502744,0.003293084522502744,0.0,0.0,0.0,0.0,0.0,1.0,0.001095290251916758,0.001095290251916758,0.001095290251916758,0.0,0.0021929824561403508,0.0,0.0021929824561403508,0.0021929824561403508,0.001984126984126984,0.0,0.0,0.0,0.0,0.0,0.0010775862068965517,0.007717750826901874,0.007717750826901874,0.007717750826901874,0.007717750826901874,0.007717750826901874
resfindernewid_81,0.0,0.012359550561797753,0.0,0.0,0.0,0.0,0.0,0.0,0.0,0.0,0.0,0.0,0.0,0.0,0.0,0.0,0.0,0.0,0.0,0.0,0.0,0.0,0.0,0.6534296028880866,0.0,0.0,0.05408515535097814,0.0,0.0,0.0,0.0,0.0,0.0,0.0,0.0,0.0,0.0,0.0,0.1788931788931789,0.0,0.0,0.0,0.0,0.0,0.0,0.0,0.0,0.0,0.0,0.0,0.0,0.0,0.0,0.0,0.0,0.0,0.0,0.0,0.0,0.0,0.0,0.0,0.0,0.0,0.0,0.0,0.0,0.0,0.06141367323290846,0.05408515535097814,0.06141367323290846,0.0,0.0,0.0,0.0,0.0,0.0,0.0,0.0,0.0,0.0,0.0,0.0,0.001095290251916758,1.0,0.6327985739750446,0.6212389380530974,0.0,0.0,0.0,0.0,0.0,0.0,0.05353075170842825,0.0,0.0,0.0,0.0,0.0,0.0,0.0,0.0,0.0,0.0
resfindernewid_82,0.0,0.012359550561797753,0.0,0.0,0.0,0.0,0.0,0.0,0.0,0.0,0.0,0.0,0.0,0.0,0.0,0.0,0.0,0.0,0.0,0.0,0.0,0.0,0.0,0.9243697478991597,0.0,0.0,0.05408515535097814,0.0,0.0,0.0,0.0,0.0,0.0,0.0,0.0,0.0,0.0,0.0,0.2020997375328084,0.0,0.0,0.0,0.0,0.0,0.0,0.0,0.0,0.0,0.0,0.0,0.0,0.0,0.0,0.0,0.0,0.0,0.0,0.0,0.0,0.0,0.0,0.0,0.0,0.0,0.0,0.0,0.0,0.0,0.06141367323290846,0.05408515535097814,0.06141367323290846,0.0,0.0,0.0,0.0,0.0,0.0,0.0,0.0,0.0,0.0,0.0,0.0,0.001095290251916758,0.6327985739750446,1.0,0.8580121703853956,0.0,0.0,0.0,0.0,0.0,0.0,0.05353075170842825,0.0,0.0,0.0,0.0,0.0,0.0,0.0,0.0,0.0,0.0
resfindernewid_83,0.0,0.012359550561797753,0.0,0.0,0.0,0.0,0.0,0.0,0.0,0.0,0.0,0.0,0.0,0.0,0.0,0.0,0.0,0.0,0.0,0.0,0.0,0.0,0.0,0.9284210526315789,0.0,0.0,0.06141367323290846,0.0,0.0,0.0,0.0,0.0,0.0,0.0,0.0,0.0,0.0,0.0,0.18961038961038962,0.0,0.0,0.0,0.0,0.0,0.0,0.0,0.0,0.0,0.0,0.0,0.0,0.0,0.0,0.0,0.0,0.0,0.0,0.0,0.0,0.0,0.0,0.0,0.0,0.0,0.0,0.0,0.0,0.0,0.06884480746791131,0.06141367323290846,0.06884480746791131,0.0,0.0,0.0,0.0,0.0,0.0,0.0,0.0,0.0,0.0,0.0,0.0,0.001095290251916758,0.6212389380530974,0.8580121703853956,1.0,0.0,0.0,0.0,0.0,0.0,0.0,0.06077981651376147,0.0,0.0,0.0,0.0,0.0,0.0,0.0,0.0,0.0,0.0
resfindernewid_84,0.0,0.0,0.0,0.0,0.0,0.0,0.0,0.0,0.0,0.0,0.0,0.0,0.0,0.0,0.0,0.0,0.0,0.001092896174863388,0.0,0.0,0.1698595146871009,0.0,0.0,0.0,0.0,0.0,0.0,0.444794952681388,0.0043859649122807015,0.0,0.0,0.0,0.0,0.0,0.0,0.0,0.0,0.0,0.0,0.0,0.0,0.0,0.0,0.0,0.0,0.0,0.0,0.0,0.0,0.0,0.0,0.0,0.0,0.0,0.0,0.0,0.0,0.0,0.0,0.0,0.0,0.0,0.0,0.0,0.0,0.0,0.0,0.0,0.0,0.0,0.0,0.0,0.001092896174863388,0.001092896174863388,0.001092896174863388,0.0043859649122807015,0.0032858707557502738,0.0043859649122807015,0.0,0.0,0.0,0.0,0.0,0.0,0.0,0.0,0.0,1.0,0.0,0.001092896174863388,0.0,0.0,0.0,0.0,0.0,0.0,0.0,0.0,0.0,0.0,0.0,0.0,0.0,0.0
resfindernewid_85,0.0,0.0011111111111111111,0.08788598574821853,0.10761789600967352,0.09832134292565947,0.10494571773220748,0.10761789600967352,0.0,0.0,0.0,0.0,0.0,0.0,0.0,0.0,0.0,0.0,0.0,0.0,0.0,0.0,0.0,0.0,0.0,0.0,0.0,0.0,0.0,0.0,0.0,0.0,0.06387921022067364,0.0010649627263045794,0.0,0.0,0.0,0.0,0.0,0.0,0.0,0.0,0.0,0.0,0.0,0.0,0.0,0.0,0.0,0.0,0.0,0.0,0.0,0.0,0.0,0.0,0.0,0.0,0.0,0.0,0.0,0.0,0.0,0.0,0.0,0.0,0.0,0.0,0.0,0.0,0.0,0.0,0.10761789600967352,0.0,0.0,0.0,0.0,0.0,0.0,0.0010649627263045794,0.0,0.0,0.0,0.0,0.0021929824561403508,0.0,0.0,0.0,0.0,1.0,0.7315689981096408,0.9284210526315789,0.8617886178861789,0.7181663837011885,0.0,0.0,0.0,0.0,0.0,0.0,0.10761789600967352,0.10761789600967352,0.10761789600967352,0.10761789600967352,0.09832134292565947
resfindernewid_86,0.0,0.0011111111111111111,0.07259953161592506,0.09177592371871275,0.08274231678486997,0.089179548156956,0.09177592371871275,0.0,0.0,0.0,0.0,0.0,0.0,0.0,0.0,0.0,0.0,0.007700770077007701,0.0,0.0,0.0,0.0,0.0,0.0,0.0,0.0,0.0,0.0032858707557502738,0.0,0.0,0.0,0.057736720554272515,0.0,0.0,0.0,0.0,0.0,0.0,0.0,0.025755879059350503,0.021181716833890748,0.025755879059350503,0.025755879059350503,0.025755879059350503,0.025755879059350503,0.025386313465783666,0.025755879059350503,0.025755879059350503,0.021181716833890748,0.0,0.025755879059350503,0.025755879059350503,0.025755879059350503,0.025755879059350503,0.025755879059350503,0.02346368715083799,0.025755879059350503,0.0,0.0,0.0,0.0,0.0,0.0,0.0,0.0,0.0,0.0,0.0,0.0,0.0,0.0,0.09177592371871275,0.007700770077007701,0.007700770077007701,0.007700770077007701,0.0,0.0,0.0,0.0,0.0,0.0,0.0,0.0,0.0,0.0,0.0,0.0,0.001092896174863388,0.7315689981096408,1.0,0.6776556776556777,0.6776556776556777,0.5689922480620155,0.0,0.0,0.0,0.0,0.0,0.0,0.09177592371871275,0.09177592371871275,0.09177592371871275,0.09177592371871275,0.08274231678486997
resfindernewid_87,0.0,0.0011111111111111111,0.08274231678486997,0.089179548156956,0.08018867924528301,0.08659549228944247,0.089179548156956,0.0,0.0,0.0,0.0,0.0,0.0,0.0,0.0,0.0,0.0,0.0,0.0,0.0,0.0,0.0,0.0,0.0,0.0,0.0,0.0,0.0,0.0,0.0,0.0,0.055299539170506916,0.0010649627263045794,0.0,0.0,0.0,0.0,0.0,0.0,0.0,0.0,0.0,0.0,0.0,0.0,0.0,0.0,0.0,0.0,0.0,0.0,0.0,0.0,0.0,0.0,0.0,0.0,0.0,0.0,0.0,0.0,0.0,0.0,0.0,0.0,0.0,0.0,0.0,0.0,0.0,0.0,0.089179548156956,0.0,0.0,0.0,0.0,0.0,0.0,0.0010649627263045794,0.0,0.0,0.0,0.0,0.0021929824561403508,0.0,0.0,0.0,0.0,0.9284210526315789,0.6776556776556777,1.0,0.7996070726915521,0.66996699669967,0.0,0.0,0.0,0.0,0.0,0.0,0.089179548156956,0.089179548156956,0.089179548156956,0.089179548156956,0.08018867924528301
resfindernewid_88,0.0,0.0011111111111111111,0.07891637220259129,0.09832134292565947,0.089179548156956,0.09569377990430622,0.09832134292565947,0.0,0.0,0.0,0.0,0.0,0.0,0.0,0.0,0.0,0.0,0.0,0.0,0.0,0.0,0.0,0.0,0.0,0.0,0.0,0.0,0.0,0.0,0.0,0.0,0.06264501160092807,0.0010649627263045794,0.0,0.0,0.0,0.0,0.0,0.0,0.0,0.0,0.0,0.0,0.0,0.0,0.0,0.0,0.0,0.0,0.0,0.0,0.0,0.0,0.0,0.0,0.0,0.0,0.0,0.0,0.0,0.0,0.0,0.0,0.0,0.0,0.0,0.0,0.0,0.0,0.0,0.0,0.09832134292565947,0.0,0.0,0.0,0.0,0.0,0.0,0.0010649627263045794,0.0,0.0,0.0,0.0,0.0021929824561403508,0.0,0.0,0.0,0.0,0.8617886178861789,0.6776556776556777,0.7996070726915521,1.0,0.6243980738362761,0.0,0.0,0.0,0.0,0.0,0.0,0.09832134292565947,0.09832134292565947,0.09832134292565947,0.09832134292565947,0.089179548156956
resfindernewid_89,0.0,0.001004016064257028,0.07889125799573561,0.09642470205850487,0.08817204301075268,0.09405405405405405,0.09642470205850487,0.0,0.0,0.0,0.0,0.0,0.0,0.0,0.0,0.0,0.0,0.0,0.0,0.0,0.0,0.0,0.0,0.0,0.0,0.0,0.0,0.0,0.0,0.0,0.0,0.05747126436781609,0.0,0.0,0.0,0.0,0.0,0.0,0.0,0.0,0.0,0.0,0.0,0.0,0.0,0.0,0.0,0.0,0.0,0.0,0.0,0.0,0.0,0.0,0.0,0.0,0.0,0.0,0.0,0.0,0.0,0.0,0.0,0.0,0.0,0.0,0.0,0.0,0.0,0.0,0.0,0.09642470205850487,0.0,0.0,0.0,0.0,0.0,0.0,0.0,0.0,0.0,0.0,0.0,0.001984126984126984,0.0,0.0,0.0,0.0,0.7181663837011885,0.5689922480620155,0.66996699669967,0.6243980738362761,1.0,0.0,0.0,0.0,0.0,0.0,0.0,0.09642470205850487,0.09642470205850487,0.09642470205850487,0.09642470205850487,0.08817204301075268
resfindernewid_9,0.0,0.015625,0.0,0.0,0.0,0.0,0.0,0.0,0.0,0.0,0.0,0.0,0.0,0.0,0.0,0.0,0.0,0.0,0.0,0.0,0.0,0.0,0.0,0.06077981651376147,0.0,0.0,0.8389662027833003,0.0,0.0,0.0,0.0,0.0021668472372697724,0.0,0.0,0.0,0.0,0.0,0.0,0.06566820276497695,0.0,0.0,0.0,0.0,0.0,0.0,0.0,0.0,0.0,0.0,0.0,0.0,0.0,0.0,0.0,0.0,0.0,0.0,0.0,0.0,0.0,0.0,0.0,0.0,0.0,0.0,0.0,0.0,0.0,0.846307385229541,0.7720306513409961,0.9111570247933884,0.0,0.0,0.0,0.0,0.0,0.0,0.0,0.0,0.0,0.0,0.0,0.0,0.0,0.05353075170842825,0.05353075170842825,0.06077981651376147,0.0,0.0,0.0,0.0,0.0,0.0,1.0,0.0,0.0,0.0,0.0,0.0,0.0,0.0,0.0,0.0,0.0
resfindernewid_90,0.0,0.0,0.0,0.0,0.0,0.0,0.0,0.0,0.0,0.6492537313432836,0.0,0.0091324200913242,0.016091954022988506,0.0,0.0,0.0,0.0,0.0,0.0,0.0,0.0,0.0,0.0,0.0,0.0,0.0,0.0,0.0,0.0,0.0,0.0,0.0,0.0,0.025522041763341066,0.06506024096385542,0.08068459657701711,0.0,0.06572769953051644,0.0,0.0,0.0,0.0,0.0,0.0,0.0,0.0,0.0,0.0,0.0,0.0,0.0,0.0,0.0,0.0,0.0,0.0,0.0,0.0,0.0,0.0,0.0,0.0,0.0,0.0,0.0,0.0,0.0,0.0,0.0,0.0,0.0,0.0,0.0,0.0,0.0,0.0,0.0,0.0,0.0,0.0,0.0,0.0,0.0,0.0,0.0,0.0,0.0,0.0,0.0,0.0,0.0,0.0,0.0,0.0,1.0,0.0,0.0091324200913242,0.0091324200913242,0.0,0.0,0.0,0.0,0.0,0.0
resfindernewid_91,0.0,0.0,0.0,0.0,0.0,0.0,0.0,0.0,0.0,0.0,0.0,0.0022675736961451248,0.0091324200913242,0.0,0.0,0.0,0.0,0.0,0.0,0.0,0.0,0.0,0.0,0.0,0.0,0.0,0.0,0.0,0.0,0.0,0.0,0.0,0.0,0.011441647597254004,0.0,0.0,0.03271028037383177,0.0,0.0,0.0,0.0,0.0,0.0,0.0,0.0,0.0,0.0,0.0,0.0,0.0,0.0,0.0,0.0,0.0,0.0,0.0,0.0,0.0,0.0,0.0,0.0,0.0,0.0,0.0,0.0,0.0,0.0,0.0,0.0,0.0,0.0,0.0,0.0,0.0,0.0,0.0,0.0,0.0,0.0,0.0,0.0,0.0,0.6131386861313869,0.0,0.0,0.0,0.0,0.0,0.0,0.0,0.0,0.0,0.0,0.0,0.0,1.0,0.0022675736961451248,0.0022675736961451248,0.0,0.0,0.0,0.0,0.0,0.0
resfindernewid_92,0.0,0.0,0.0,0.0,0.0,0.0,0.0,0.0,0.0,0.023148148148148147,0.0,0.8571428571428571,0.011441647597254004,0.0,0.0,0.0,0.0,0.0,0.0,0.0,0.0,0.0,0.0,0.0,0.0,0.0,0.0,0.0,0.0,0.0,0.0,0.0,0.0,0.011441647597254004,0.013761467889908258,0.0022675736961451248,0.0022675736961451248,0.015659955257270694,0.0,0.0,0.0,0.0,0.0,0.0,0.0,0.0,0.0,0.0,0.0,0.0,0.0,0.0,0.0,0.0,0.0,0.0,0.0,0.0,0.0,0.0,0.0,0.0,0.0,0.0,0.0,0.0,0.0,0.0,0.0,0.0,0.0,0.0,0.0,0.0,0.0,0.0,0.0,0.0,0.0,0.0,0.0,0.0,0.0091324200913242,0.0,0.0,0.0,0.0,0.0,0.0,0.0,0.0,0.0,0.0,0.0,0.0091324200913242,0.0022675736961451248,1.0,0.7333333333333333,0.0,0.0,0.0,0.0,0.0,0.0
resfindernewid_93,0.0,0.0,0.0,0.0,0.0,0.0,0.0,0.0,0.0,0.023148148148148147,0.0,0.8571428571428571,0.011441647597254004,0.0,0.0,0.0,0.0,0.0,0.0,0.0,0.0,0.0,0.0,0.0,0.0,0.0,0.0,0.0,0.0,0.0,0.0,0.0,0.0,0.011441647597254004,0.013761467889908258,0.0022675736961451248,0.0022675736961451248,0.015659955257270694,0.0,0.0,0.0,0.0,0.0,0.0,0.0,0.0,0.0,0.0,0.0,0.0,0.0,0.0,0.0,0.0,0.0,0.0,0.0,0.0,0.0,0.0,0.0,0.0,0.0,0.0,0.0,0.0,0.0,0.0,0.0,0.0,0.0,0.0,0.0,0.0,0.0,0.0,0.0,0.0,0.0,0.0,0.0,0.0,0.0091324200913242,0.0,0.0,0.0,0.0,0.0,0.0,0.0,0.0,0.0,0.0,0.0,0.0091324200913242,0.0022675736961451248,0.7333333333333333,1.0,0.0,0.0,0.0,0.0,0.0,0.0
resfindernewid_94,0.0,0.0,0.0,0.0,0.0,0.0,0.0,0.0,0.006362672322375398,0.0,0.006362672322375398,0.0,0.0,0.0,0.0,0.0,0.0,0.0,0.0,0.015957446808510637,0.0,0.0,0.0,0.0,0.0,0.0,0.0,0.0,0.0,0.0,0.0,0.0,0.0,0.0,0.0,0.0,0.0,0.0,0.0,0.0,0.0,0.0,0.0,0.0,0.0,0.0,0.0,0.0,0.0,0.006362672322375398,0.0,0.0,0.0,0.0,0.0,0.0,0.0,0.0,0.0,0.0,0.0,0.0,0.0,0.0,0.0,0.0,0.0,0.0,0.0,0.0,0.0,0.0,0.0,0.0,0.0,0.0,0.0,0.0,0.0,0.0,0.0,0.0,0.0,0.0010775862068965517,0.0,0.0,0.0,0.0,0.0,0.0,0.0,0.0,0.0,0.0,0.0,0.0,0.0,0.0,1.0,0.0,0.0,0.0,0.0,0.0
resfindernewid_95,0.0,0.0011111111111111111,0.8617886178861789,0.8617886178861789,0.8617886178861789,0.8617886178861789,0.8617886178861789,0.0,0.0,0.0,0.0,0.0,0.0,0.0,0.0,0.0,0.0,0.0,0.0,0.0,0.0,0.0,0.0,0.0,0.0,0.0,0.0,0.0,0.0,0.0,0.0,0.12530712530712532,0.0,0.0,0.0,0.0,0.0,0.0,0.0,0.0,0.0,0.0,0.0,0.0,0.0,0.0,0.0,0.0,0.0,0.0,0.0,0.0,0.0,0.0,0.0,0.0,0.0,0.0,0.0,0.0,0.0,0.0,0.0,0.0,0.0,0.0,0.0,0.0,0.0,0.0,0.0,0.9284210526315789,0.0,0.0,0.0,0.001092896174863388,0.001092896174863388,0.001092896174863388,0.0,0.0,0.0,0.0,0.0,0.007717750826901874,0.0,0.0,0.0,0.0,0.10761789600967352,0.09177592371871275,0.089179548156956,0.09832134292565947,0.09642470205850487,0.0,0.0,0.0,0.0,0.0,0.0,1.0,0.8617886178861789,0.7996070726915521,0.8693877551020408,0.8067061143984221
resfindernewid_96,0.0,0.0011111111111111111,0.8617886178861789,0.8617886178861789,0.8617886178861789,0.8617886178861789,0.8617886178861789,0.0,0.0,0.0,0.0,0.0,0.0,0.0,0.0,0.0,0.0,0.0,0.0,0.0,0.0,0.0,0.0,0.0,0.0,0.0,0.0,0.0,0.0,0.0,0.0,0.12530712530712532,0.0,0.0,0.0,0.0,0.0,0.0,0.0,0.0,0.0,0.0,0.0,0.0,0.0,0.0,0.0,0.0,0.0,0.0,0.0,0.0,0.0,0.0,0.0,0.0,0.0,0.0,0.0,0.0,0.0,0.0,0.0,0.0,0.0,0.0,0.0,0.0,0.0,0.0,0.0,0.9284210526315789,0.0,0.0,0.0,0.001092896174863388,0.001092896174863388,0.001092896174863388,0.0,0.0,0.0,0.0,0.0,0.007717750826901874,0.0,0.0,0.0,0.0,0.10761789600967352,0.09177592371871275,0.089179548156956,0.09832134292565947,0.09642470205850487,0.0,0.0,0.0,0.0,0.0,0.0,0.8617886178861789,1.0,0.8505050505050505,0.8693877551020408,0.8067061143984221
resfindernewid_97,0.0,0.0011111111111111111,0.7996070726915521,0.7996070726915521,0.7996070726915521,0.7996070726915521,0.7996070726915521,0.0,0.0,0.0,0.0,0.0,0.0,0.0,0.0,0.0,0.0,0.0,0.0,0.0,0.0,0.0,0.0,0.0,0.0,0.0,0.0,0.0,0.0,0.0,0.0,0.12254901960784313,0.0,0.0,0.0,0.0,0.0,0.0,0.0,0.0,0.0,0.0,0.0,0.0,0.0,0.0,0.0,0.0,0.0,0.0,0.0,0.0,0.0,0.0,0.0,0.0,0.0,0.0,0.0,0.0,0.0,0.0,0.0,0.0,0.0,0.0,0.0,0.0,0.0,0.0,0.0,0.8617886178861789,0.0,0.0,0.0,0.001092896174863388,0.001092896174863388,0.001092896174863388,0.0,0.0,0.0,0.0,0.0,0.007717750826901874,0.0,0.0,0.0,0.0,0.10761789600967352,0.09177592371871275,0.089179548156956,0.09832134292565947,0.09642470205850487,0.0,0.0,0.0,0.0,0.0,0.0,0.7996070726915521,0.8505050505050505,1.0,0.8067061143984221,0.7480916030534351
resfindernewid_98,0.0,0.0011111111111111111,0.8693877551020408,0.8693877551020408,0.8693877551020408,0.8847736625514403,0.8693877551020408,0.0,0.0,0.0,0.0,0.0,0.0,0.0,0.0,0.0,0.0,0.0,0.0,0.0,0.0,0.0,0.0,0.0,0.0,0.0,0.0,0.0,0.0,0.0,0.0,0.11707317073170732,0.0,0.0,0.0,0.0,0.0,0.0,0.0,0.0,0.0,0.0,0.0,0.0,0.0,0.0,0.0,0.0,0.0,0.0,0.0,0.0,0.0,0.0,0.0,0.0,0.0,0.0,0.0,0.0,0.0,0.0,0.0,0.0,0.0,0.0,0.0,0.0,0.0,0.0,0.0,0.9365750528541226,0.0,0.0,0.0,0.001092896174863388,0.001092896174863388,0.001092896174863388,0.0,0.0,0.0,0.0,0.0,0.007717750826901874,0.0,0.0,0.0,0.0,0.10761789600967352,0.09177592371871275,0.089179548156956,0.09832134292565947,0.09642470205850487,0.0,0.0,0.0,0.0,0.0,0.0,0.8693877551020408,0.8693877551020408,0.8067061143984221,1.0,0.8693877551020408
resfindernewid_99,0.0,0.0,0.8067061143984221,0.8067061143984221,0.8655804480651731,0.8617886178861789,0.8067061143984221,0.0,0.0,0.0,0.0,0.0,0.0,0.0,0.0,0.0,0.0,0.0,0.0,0.0,0.0,0.0,0.0,0.0,0.0,0.0,0.0,0.0,0.0,0.0,0.0,0.09438470728793309,0.0,0.0,0.0,0.0,0.0,0.0,0.0,0.0,0.0,0.0,0.0,0.0,0.0,0.0,0.0,0.0,0.0,0.0,0.0,0.0,0.0,0.0,0.0,0.0,0.0,0.0,0.0,0.0,0.0,0.0,0.0,0.0,0.0,0.0,0.0,0.0,0.0,0.0,0.0,0.8693877551020408,0.0,0.0,0.0,0.001092896174863388,0.001092896174863388,0.001092896174863388,0.0,0.0,0.0,0.0,0.0,0.007717750826901874,0.0,0.0,0.0,0.0,0.09832134292565947,0.08274231678486997,0.08018867924528301,0.089179548156956,0.08817204301075268,0.0,0.0,0.0,0.0,0.0,0.0,0.8067061143984221,0.8067061143984221,0.7480916030534351,0.8693877551020408,1.0
